This is pdfTeX, Version 3.141592653-2.6-1.40.25 (MiKTeX 24.1) (preloaded format=pdflatex 2025.10.17)  22 OCT 2025 13:32
entering extended mode
 restricted \write18 enabled.
 file:line:error style messages enabled.
 %&-line parsing enabled.
**d:/DACN/main.tex
(d:/DACN/main.tex
LaTeX2e <2023-11-01> patch level 1
L3 programming layer <2024-01-04>
(C:\Users\PC\AppData\Local\Programs\MiKTeX\tex/latex/base\article.cls
Document Class: article 2023/05/17 v1.4n Standard LaTeX document class
(C:\Users\PC\AppData\Local\Programs\MiKTeX\tex/latex/base\size12.clo
File: size12.clo 2023/05/17 v1.4n Standard LaTeX file (size option)
)
\c@part=\count187
\c@section=\count188
\c@subsection=\count189
\c@subsubsection=\count190
\c@paragraph=\count191
\c@subparagraph=\count192
\c@figure=\count193
\c@table=\count194
\abovecaptionskip=\skip48
\belowcaptionskip=\skip49
\bibindent=\dimen140
) (C:\Users\PC\AppData\Local\Programs\MiKTeX\tex/latex/base\fontenc.sty
Package: fontenc 2021/04/29 v2.0v Standard LaTeX package
 (C:\Users\PC\AppData\Local\Programs\MiKTeX\tex/latex/vntex\t5enc.def
File: t5enc.def 2006/11/21 v1.4 Vietnamese T5 encoding
Now handling font encoding T5 ...
... processing UTF-8 mapping file for font encoding T5
 (C:\Users\PC\AppData\Local\Programs\MiKTeX\tex/latex/vntex\t5enc.dfu
File: t5enc.dfu 2006/08/19 v1.1 UTF8 support for Vietnamese
   defining Unicode char U+00AB (decimal 171)
   defining Unicode char U+00BB (decimal 187)
   defining Unicode char U+00C0 (decimal 192)
   defining Unicode char U+00C1 (decimal 193)
   defining Unicode char U+00C2 (decimal 194)
   defining Unicode char U+00C3 (decimal 195)
   defining Unicode char U+00C8 (decimal 200)
   defining Unicode char U+00C9 (decimal 201)
   defining Unicode char U+00CA (decimal 202)
   defining Unicode char U+00CC (decimal 204)
   defining Unicode char U+00CD (decimal 205)
   defining Unicode char U+00D2 (decimal 210)
   defining Unicode char U+00D3 (decimal 211)
   defining Unicode char U+00D4 (decimal 212)
   defining Unicode char U+00D5 (decimal 213)
   defining Unicode char U+00D9 (decimal 217)
   defining Unicode char U+00DA (decimal 218)
   defining Unicode char U+00DD (decimal 221)
   defining Unicode char U+00E0 (decimal 224)
   defining Unicode char U+00E1 (decimal 225)
   defining Unicode char U+00E2 (decimal 226)
   defining Unicode char U+00E3 (decimal 227)
   defining Unicode char U+00E8 (decimal 232)
   defining Unicode char U+00E9 (decimal 233)
   defining Unicode char U+00EA (decimal 234)
   defining Unicode char U+00EC (decimal 236)
   defining Unicode char U+00ED (decimal 237)
   defining Unicode char U+00F2 (decimal 242)
   defining Unicode char U+00F3 (decimal 243)
   defining Unicode char U+00F4 (decimal 244)
   defining Unicode char U+00F5 (decimal 245)
   defining Unicode char U+00F9 (decimal 249)
   defining Unicode char U+00FA (decimal 250)
   defining Unicode char U+00FD (decimal 253)
   defining Unicode char U+0102 (decimal 258)
   defining Unicode char U+0103 (decimal 259)
   defining Unicode char U+0110 (decimal 272)
   defining Unicode char U+0111 (decimal 273)
   defining Unicode char U+0128 (decimal 296)
   defining Unicode char U+0129 (decimal 297)
   defining Unicode char U+0131 (decimal 305)
   defining Unicode char U+0168 (decimal 360)
   defining Unicode char U+0169 (decimal 361)
   defining Unicode char U+01A0 (decimal 416)
   defining Unicode char U+01A1 (decimal 417)
   defining Unicode char U+01AF (decimal 431)
   defining Unicode char U+01B0 (decimal 432)
   defining Unicode char U+1EA0 (decimal 7840)
   defining Unicode char U+1EA1 (decimal 7841)
   defining Unicode char U+1EA2 (decimal 7842)
   defining Unicode char U+1EA3 (decimal 7843)
   defining Unicode char U+1EA4 (decimal 7844)
   defining Unicode char U+1EA5 (decimal 7845)
   defining Unicode char U+1EA6 (decimal 7846)
   defining Unicode char U+1EA7 (decimal 7847)
   defining Unicode char U+1EA8 (decimal 7848)
   defining Unicode char U+1EA9 (decimal 7849)
   defining Unicode char U+1EAA (decimal 7850)
   defining Unicode char U+1EAB (decimal 7851)
   defining Unicode char U+1EAC (decimal 7852)
   defining Unicode char U+1EAD (decimal 7853)
   defining Unicode char U+1EAE (decimal 7854)
   defining Unicode char U+1EAF (decimal 7855)
   defining Unicode char U+1EB0 (decimal 7856)
   defining Unicode char U+1EB1 (decimal 7857)
   defining Unicode char U+1EB2 (decimal 7858)
   defining Unicode char U+1EB3 (decimal 7859)
   defining Unicode char U+1EB4 (decimal 7860)
   defining Unicode char U+1EB5 (decimal 7861)
   defining Unicode char U+1EB6 (decimal 7862)
   defining Unicode char U+1EB7 (decimal 7863)
   defining Unicode char U+1EB8 (decimal 7864)
   defining Unicode char U+1EB9 (decimal 7865)
   defining Unicode char U+1EBA (decimal 7866)
   defining Unicode char U+1EBB (decimal 7867)
   defining Unicode char U+1EBC (decimal 7868)
   defining Unicode char U+1EBD (decimal 7869)
   defining Unicode char U+1EBE (decimal 7870)
   defining Unicode char U+1EBF (decimal 7871)
   defining Unicode char U+1EC0 (decimal 7872)
   defining Unicode char U+1EC1 (decimal 7873)
   defining Unicode char U+1EC2 (decimal 7874)
   defining Unicode char U+1EC3 (decimal 7875)
   defining Unicode char U+1EC4 (decimal 7876)
   defining Unicode char U+1EC5 (decimal 7877)
   defining Unicode char U+1EC6 (decimal 7878)
   defining Unicode char U+1EC7 (decimal 7879)
   defining Unicode char U+1EC8 (decimal 7880)
   defining Unicode char U+1EC9 (decimal 7881)
   defining Unicode char U+1ECA (decimal 7882)
   defining Unicode char U+1ECB (decimal 7883)
   defining Unicode char U+1ECC (decimal 7884)
   defining Unicode char U+1ECD (decimal 7885)
   defining Unicode char U+1ECE (decimal 7886)
   defining Unicode char U+1ECF (decimal 7887)
   defining Unicode char U+1ED0 (decimal 7888)
   defining Unicode char U+1ED1 (decimal 7889)
   defining Unicode char U+1ED2 (decimal 7890)
   defining Unicode char U+1ED3 (decimal 7891)
   defining Unicode char U+1ED4 (decimal 7892)
   defining Unicode char U+1ED5 (decimal 7893)
   defining Unicode char U+1ED6 (decimal 7894)
   defining Unicode char U+1ED7 (decimal 7895)
   defining Unicode char U+1ED8 (decimal 7896)
   defining Unicode char U+1ED9 (decimal 7897)
   defining Unicode char U+1EDA (decimal 7898)
   defining Unicode char U+1EDB (decimal 7899)
   defining Unicode char U+1EDC (decimal 7900)
   defining Unicode char U+1EDD (decimal 7901)
   defining Unicode char U+1EDE (decimal 7902)
   defining Unicode char U+1EDF (decimal 7903)
   defining Unicode char U+1EE0 (decimal 7904)
   defining Unicode char U+1EE1 (decimal 7905)
   defining Unicode char U+1EE2 (decimal 7906)
   defining Unicode char U+1EE3 (decimal 7907)
   defining Unicode char U+1EE4 (decimal 7908)
   defining Unicode char U+1EE5 (decimal 7909)
   defining Unicode char U+1EE6 (decimal 7910)
   defining Unicode char U+1EE7 (decimal 7911)
   defining Unicode char U+1EE8 (decimal 7912)
   defining Unicode char U+1EE9 (decimal 7913)
   defining Unicode char U+1EEA (decimal 7914)
   defining Unicode char U+1EEB (decimal 7915)
   defining Unicode char U+1EEC (decimal 7916)
   defining Unicode char U+1EED (decimal 7917)
   defining Unicode char U+1EEE (decimal 7918)
   defining Unicode char U+1EEF (decimal 7919)
   defining Unicode char U+1EF0 (decimal 7920)
   defining Unicode char U+1EF1 (decimal 7921)
   defining Unicode char U+1EF2 (decimal 7922)
   defining Unicode char U+1EF3 (decimal 7923)
   defining Unicode char U+1EF4 (decimal 7924)
   defining Unicode char U+1EF5 (decimal 7925)
   defining Unicode char U+1EF6 (decimal 7926)
   defining Unicode char U+1EF7 (decimal 7927)
   defining Unicode char U+1EF8 (decimal 7928)
   defining Unicode char U+1EF9 (decimal 7929)
   defining Unicode char U+200C (decimal 8204)
   defining Unicode char U+2013 (decimal 8211)
   defining Unicode char U+2014 (decimal 8212)
   defining Unicode char U+2018 (decimal 8216)
   defining Unicode char U+2019 (decimal 8217)
   defining Unicode char U+201A (decimal 8218)
   defining Unicode char U+201C (decimal 8220)
   defining Unicode char U+201D (decimal 8221)
   defining Unicode char U+201E (decimal 8222)
   defining Unicode char U+2030 (decimal 8240)
   defining Unicode char U+2031 (decimal 8241)
   defining Unicode char U+2039 (decimal 8249)
   defining Unicode char U+203A (decimal 8250)
   defining Unicode char U+2423 (decimal 9251)
))) (C:\Users\PC\AppData\Local\Programs\MiKTeX\tex/latex/vntex\vietnam.sty
Package: vietnam 2009/07/12 v1.3 support for Vietnamese
 (C:\Users\PC\AppData\Local\Programs\MiKTeX\tex/latex/base\ifthen.sty
Package: ifthen 2022/04/13 v1.1d Standard LaTeX ifthen package (DPC)
) (C:\Users\PC\AppData\Local\Programs\MiKTeX\tex/latex/base\fontenc.sty
Package: fontenc 2021/04/29 v2.0v Standard LaTeX package
LaTeX Font Info:    Trying to load font information for T5+cmr on input line 112.
 (C:\Users\PC\AppData\Local\Programs\MiKTeX\tex/latex/vntex\t5cmr.fd
File: t5cmr.fd 1999/05/25 v2.5h Standard LaTeX font definitions
)) (C:\Users\PC\AppData\Local\Programs\MiKTeX\tex/latex/base\inputenc.sty
Package: inputenc 2021/02/14 v1.3d Input encoding file
\inpenc@prehook=\toks17
\inpenc@posthook=\toks18
) (C:\Users\PC\AppData\Local\Programs\MiKTeX\tex/latex/vntex\vncaps.tex
File: vncaps.tex 2006/06/07 v1.1 Captions in Vietnamese
)) (C:\Users\PC\AppData\Local\Programs\MiKTeX\tex/generic/babel\babel.sty
Package: babel 2024/01/07 v24.1 The Babel package
\babel@savecnt=\count195
\U@D=\dimen141
\l@unhyphenated=\language79
 (C:\Users\PC\AppData\Local\Programs\MiKTeX\tex/generic/babel\txtbabel.def)
\bbl@readstream=\read2
\bbl@dirlevel=\count196

*************************************
* Local config file bblopts.cfg used
*
(C:\Users\PC\AppData\Local\Programs\MiKTeX\tex/latex/arabi\bblopts.cfg
File: bblopts.cfg 2005/09/08 v0.1 add Arabic and Farsi to "declared" options of babel
)
Package babel Info: Main language set with 'main='. Except if you have
(babel)             problems, prefer the default mechanism for setting
(babel)             the main language, ie, as the last declared.
(babel)             Reported on input line 4250.
 (C:\Users\PC\AppData\Local\Programs\MiKTeX\tex/latex/babel-english\english.ldf
Language: english 2017/06/06 v3.3r English support from the babel system
) (C:\Users\PC\AppData\Local\Programs\MiKTeX\tex/latex/babel-english\american.ldf
Language: american 2017/06/06 v3.3r English support from the babel system
 (C:\Users\PC\AppData\Local\Programs\MiKTeX\tex/latex/babel-english\english.ldf
Language: english 2017/06/06 v3.3r English support from the babel system
Package babel Info: Hyphen rules for 'canadian' set to \l@english
(babel)             (\language0). Reported on input line 102.
Package babel Info: Hyphen rules for 'australian' set to \l@ukenglish
(babel)             (\language73). Reported on input line 105.
Package babel Info: Hyphen rules for 'newzealand' set to \l@ukenglish
(babel)             (\language73). Reported on input line 108.
)) (C:\Users\PC\AppData\Local\Programs\MiKTeX\tex/latex/babel-vietnamese\vietnamese.ldf
Language: vietnamese 


Package babel Warning: No hyphenation patterns were preloaded for
(babel)                the language 'Vietnamese' into the format.
(babel)                Please, configure your TeX system to add them and
(babel)                rebuild the format. Now I will use the patterns
(babel)                preloaded for \language=0 instead on input line 36.

Package babel Info: Hyphen rules for 'vietnamese' set to \l@english
(babel)             (\language0). Reported on input line 37.
Package babel Info: Hyphen rules for 'vietnam' set to \l@english
(babel)             (\language0). Reported on input line 38.
Loading definitions for the Vietnamese font encoding (C:\Users\PC\AppData\Local\Programs\MiKTeX\tex/latex/vntex\t5enc.def
File: t5enc.def 2006/11/21 v1.4 Vietnamese T5 encoding
LaTeX Font Info:    Redeclaring font encoding T5 on input line 75.
)
Package babel Info: Making " an active character on input line 147.
)) (C:\Users\PC\AppData\Local\Programs\MiKTeX\tex/generic/babel/locale/vi\babel-vietnamese.tex
Package babel Info: Importing font and identification data for vietnamese
(babel)             from babel-vi.ini. Reported on input line 11.
) (C:\Users\PC\AppData\Local\Programs\MiKTeX\tex/generic/babel/locale/en\babel-american.tex
Package babel Info: Importing font and identification data for american
(babel)             from babel-en-US.ini. Reported on input line 11.
) (C:\Users\PC\AppData\Local\Programs\MiKTeX\tex/generic/babel/locale/en\babel-english.tex
Package babel Info: Importing font and identification data for english
(babel)             from babel-en.ini. Reported on input line 11.
) (C:\Users\PC\AppData\Local\Programs\MiKTeX\tex/latex/a4wide\a4wide.sty
Package: a4wide 1994/08/30
 (C:\Users\PC\AppData\Local\Programs\MiKTeX\tex/latex/ntgclass\a4.sty
Package: a4 2023/01/10 v1.2g A4 based page layout
)) (C:\Users\PC\AppData\Local\Programs\MiKTeX\tex/latex/amsfonts\amssymb.sty
Package: amssymb 2013/01/14 v3.01 AMS font symbols
 (C:\Users\PC\AppData\Local\Programs\MiKTeX\tex/latex/amsfonts\amsfonts.sty
Package: amsfonts 2013/01/14 v3.01 Basic AMSFonts support
\@emptytoks=\toks19
\symAMSa=\mathgroup4
\symAMSb=\mathgroup5
LaTeX Font Info:    Redeclaring math symbol \hbar on input line 98.
LaTeX Font Info:    Overwriting math alphabet `\mathfrak' in version `bold'
(Font)                  U/euf/m/n --> U/euf/b/n on input line 106.
)) (C:\Users\PC\AppData\Local\Programs\MiKTeX\tex/latex/graphics\epsfig.sty
Package: epsfig 2017/06/25 v1.7b (e)psfig emulation (SPQR)
 (C:\Users\PC\AppData\Local\Programs\MiKTeX\tex/latex/graphics\graphicx.sty
Package: graphicx 2021/09/16 v1.2d Enhanced LaTeX Graphics (DPC,SPQR)
 (C:\Users\PC\AppData\Local\Programs\MiKTeX\tex/latex/graphics\keyval.sty
Package: keyval 2022/05/29 v1.15 key=value parser (DPC)
\KV@toks@=\toks20
) (C:\Users\PC\AppData\Local\Programs\MiKTeX\tex/latex/graphics\graphics.sty
Package: graphics 2022/03/10 v1.4e Standard LaTeX Graphics (DPC,SPQR)
 (C:\Users\PC\AppData\Local\Programs\MiKTeX\tex/latex/graphics\trig.sty
Package: trig 2021/08/11 v1.11 sin cos tan (DPC)
) (C:\Users\PC\AppData\Local\Programs\MiKTeX\tex/latex/graphics-cfg\graphics.cfg
File: graphics.cfg 2016/06/04 v1.11 sample graphics configuration
)
Package graphics Info: Driver file: pdftex.def on input line 107.
 (C:\Users\PC\AppData\Local\Programs\MiKTeX\tex/latex/graphics-def\pdftex.def
File: pdftex.def 2022/09/22 v1.2b Graphics/color driver for pdftex
))
\Gin@req@height=\dimen142
\Gin@req@width=\dimen143
)
\epsfxsize=\dimen144
\epsfysize=\dimen145
) (C:\Users\PC\AppData\Local\Programs\MiKTeX\tex/latex/base\latexsym.sty
Package: latexsym 1998/08/17 v2.2e Standard LaTeX package (lasy symbols)
\symlasy=\mathgroup6
LaTeX Font Info:    Overwriting symbol font `lasy' in version `bold'
(Font)                  U/lasy/m/n --> U/lasy/b/n on input line 52.
) (C:\Users\PC\AppData\Local\Programs\MiKTeX\tex/latex/tools\array.sty
Package: array 2023/10/16 v2.5g Tabular extension package (FMi)
\col@sep=\dimen146
\ar@mcellbox=\box51
\extrarowheight=\dimen147
\NC@list=\toks21
\extratabsurround=\skip50
\backup@length=\skip51
\ar@cellbox=\box52
) (C:\Users\PC\AppData\Local\Programs\MiKTeX\tex/latex/tools\hhline.sty
Package: hhline 2020/01/04 v2.04 Table rule package (DPC)
) (C:\Users\PC\AppData\Local\Programs\MiKTeX\tex/latex/fancyhdr\fancyhdr.sty
Package: fancyhdr 2025/02/07 v5.2 Extensive control of page headers and footers
\f@nch@headwidth=\skip52
\f@nch@offset@elh=\skip53
\f@nch@offset@erh=\skip54
\f@nch@offset@olh=\skip55
\f@nch@offset@orh=\skip56
\f@nch@offset@elf=\skip57
\f@nch@offset@erf=\skip58
\f@nch@offset@olf=\skip59
\f@nch@offset@orf=\skip60
\f@nch@height=\skip61
\f@nch@footalignment=\skip62
\f@nch@widthL=\skip63
\f@nch@widthC=\skip64
\f@nch@widthR=\skip65
\@temptokenb=\toks22
) (C:\Users\PC\AppData\Local\Programs\MiKTeX\tex/latex/csquotes\csquotes.sty
Package: csquotes 2024-04-04 v5.2o context-sensitive quotations (JAW)
 (C:\Users\PC\AppData\Local\Programs\MiKTeX\tex/latex/etoolbox\etoolbox.sty
Package: etoolbox 2020/10/05 v2.5k e-TeX tools for LaTeX (JAW)
\etb@tempcnta=\count197
)
\csq@reset=\count198
\csq@gtype=\count199
\csq@glevel=\count266
\csq@qlevel=\count267
\csq@maxlvl=\count268
\csq@tshold=\count269
\csq@ltx@everypar=\toks23
 (C:\Users\PC\AppData\Local\Programs\MiKTeX\tex/latex/csquotes\csquotes.def
File: csquotes.def 2024-04-04 v5.2o csquotes generic definitions (JAW)
)
Package csquotes Info: Trying to load configuration file 'csquotes.cfg'...
Package csquotes Info: ... configuration file loaded successfully.
 (C:\Users\PC\AppData\Local\Programs\MiKTeX\tex/latex/csquotes\csquotes.cfg
File: csquotes.cfg 
)) (C:\Users\PC\AppData\Local\Programs\MiKTeX\tex/latex/biblatex\biblatex.sty
Package: biblatex 2023/03/05 v3.19 programmable bibliographies (PK/MW)
 (C:\Users\PC\AppData\Local\Programs\MiKTeX\tex/generic/pdftexcmds\pdftexcmds.sty
Package: pdftexcmds 2020-06-27 v0.33 Utility functions of pdfTeX for LuaTeX (HO)
 (C:\Users\PC\AppData\Local\Programs\MiKTeX\tex/generic/infwarerr\infwarerr.sty
Package: infwarerr 2019/12/03 v1.5 Providing info/warning/error messages (HO)
) (C:\Users\PC\AppData\Local\Programs\MiKTeX\tex/generic/iftex\iftex.sty
Package: iftex 2022/02/03 v1.0f TeX engine tests
) (C:\Users\PC\AppData\Local\Programs\MiKTeX\tex/generic/ltxcmds\ltxcmds.sty
Package: ltxcmds 2023-12-04 v1.26 LaTeX kernel commands for general use (HO)
)
Package pdftexcmds Info: \pdf@primitive is available.
Package pdftexcmds Info: \pdf@ifprimitive is available.
Package pdftexcmds Info: \pdfdraftmode found.
) (C:\Users\PC\AppData\Local\Programs\MiKTeX\tex/latex/kvoptions\kvoptions.sty
Package: kvoptions 2022-06-15 v3.15 Key value format for package options (HO)
 (C:\Users\PC\AppData\Local\Programs\MiKTeX\tex/latex/kvsetkeys\kvsetkeys.sty
Package: kvsetkeys 2022-10-05 v1.19 Key value parser (HO)
)) (C:\Users\PC\AppData\Local\Programs\MiKTeX\tex/latex/logreq\logreq.sty
Package: logreq 2010/08/04 v1.0 xml request logger
\lrq@indent=\count270
 (C:\Users\PC\AppData\Local\Programs\MiKTeX\tex/latex/logreq\logreq.def
File: logreq.def 2010/08/04 v1.0 logreq spec v1.0
)) (C:\Users\PC\AppData\Local\Programs\MiKTeX\tex/latex/url\url.sty
\Urlmuskip=\muskip16
Package: url 2013/09/16  ver 3.4  Verb mode for urls, etc.
)
\c@tabx@nest=\count271
\c@listtotal=\count272
\c@listcount=\count273
\c@liststart=\count274
\c@liststop=\count275
\c@citecount=\count276
\c@citetotal=\count277
\c@multicitecount=\count278
\c@multicitetotal=\count279
\c@instcount=\count280
\c@maxnames=\count281
\c@minnames=\count282
\c@maxitems=\count283
\c@minitems=\count284
\c@citecounter=\count285
\c@maxcitecounter=\count286
\c@savedcitecounter=\count287
\c@uniquelist=\count288
\c@uniquename=\count289
\c@refsection=\count290
\c@refsegment=\count291
\c@maxextratitle=\count292
\c@maxextratitleyear=\count293
\c@maxextraname=\count294
\c@maxextradate=\count295
\c@maxextraalpha=\count296
\c@abbrvpenalty=\count297
\c@highnamepenalty=\count298
\c@lownamepenalty=\count299
\c@maxparens=\count300
\c@parenlevel=\count301
\blx@tempcnta=\count302
\blx@tempcntb=\count303
\blx@tempcntc=\count304
\c@blx@maxsection=\count305
\blx@maxsegment@0=\count306
\blx@notetype=\count307
\blx@parenlevel@text=\count308
\blx@parenlevel@foot=\count309
\blx@sectionciteorder@0=\count310
\blx@sectionciteorderinternal@0=\count311
\blx@entrysetcounter=\count312
\blx@biblioinstance=\count313
\labelnumberwidth=\skip66
\labelalphawidth=\skip67
\biblabelsep=\skip68
\bibitemsep=\skip69
\bibnamesep=\skip70
\bibinitsep=\skip71
\bibparsep=\skip72
\bibhang=\skip73
\blx@bcfin=\read3
\blx@bcfout=\write3
\blx@langwohyphens=\language80
\c@mincomprange=\count314
\c@maxcomprange=\count315
\c@mincompwidth=\count316
Package biblatex Info: Trying to load biblatex default data model...
Package biblatex Info: ... file 'blx-dm.def' found.
 (C:\Users\PC\AppData\Local\Programs\MiKTeX\tex/latex/biblatex\blx-dm.def
File: blx-dm.def 2023/03/05 v3.19 biblatex localization (PK/MW)
)
Package biblatex Info: Trying to load biblatex style data model...
Package biblatex Info: ... file 'apa.dbx' found.
 (C:\Users\PC\AppData\Local\Programs\MiKTeX\tex/latex/biblatex-apa\apa.dbx
File: apa.dbx 2025/08/27 v9.20 APA biblatex style data model
)
Package biblatex Info: Trying to load biblatex custom data model...
Package biblatex Info: ... file 'biblatex-dm.cfg' not found.
\c@afterword=\count317
\c@savedafterword=\count318
\c@annotator=\count319
\c@savedannotator=\count320
\c@author=\count321
\c@savedauthor=\count322
\c@bookauthor=\count323
\c@savedbookauthor=\count324
\c@commentator=\count325
\c@savedcommentator=\count326
\c@editor=\count327
\c@savededitor=\count328
\c@editora=\count329
\c@savededitora=\count330
\c@editorb=\count331
\c@savededitorb=\count332
\c@editorc=\count333
\c@savededitorc=\count334
\c@foreword=\count335
\c@savedforeword=\count336
\c@holder=\count337
\c@savedholder=\count338
\c@introduction=\count339
\c@savedintroduction=\count340
\c@namea=\count341
\c@savednamea=\count342
\c@nameb=\count343
\c@savednameb=\count344
\c@namec=\count345
\c@savednamec=\count346
\c@translator=\count347
\c@savedtranslator=\count348
\c@shortauthor=\count349
\c@savedshortauthor=\count350
\c@shorteditor=\count351
\c@savedshorteditor=\count352
\c@narrator=\count353
\c@savednarrator=\count354
\c@execproducer=\count355
\c@savedexecproducer=\count356
\c@execdirector=\count357
\c@savedexecdirector=\count358
\c@with=\count359
\c@savedwith=\count360
\c@labelname=\count361
\c@savedlabelname=\count362
\c@institution=\count363
\c@savedinstitution=\count364
\c@lista=\count365
\c@savedlista=\count366
\c@listb=\count367
\c@savedlistb=\count368
\c@listc=\count369
\c@savedlistc=\count370
\c@listd=\count371
\c@savedlistd=\count372
\c@liste=\count373
\c@savedliste=\count374
\c@listf=\count375
\c@savedlistf=\count376
\c@location=\count377
\c@savedlocation=\count378
\c@organization=\count379
\c@savedorganization=\count380
\c@origlocation=\count381
\c@savedoriglocation=\count382
\c@origpublisher=\count383
\c@savedorigpublisher=\count384
\c@publisher=\count385
\c@savedpublisher=\count386
\c@language=\count387
\c@savedlanguage=\count388
\c@origlanguage=\count389
\c@savedoriglanguage=\count390
\c@citation=\count391
\c@savedcitation=\count392
\c@pageref=\count393
\c@savedpageref=\count394
\shorthandwidth=\skip74
\shortjournalwidth=\skip75
\shortserieswidth=\skip76
\shorttitlewidth=\skip77
\shortauthorwidth=\skip78
\shorteditorwidth=\skip79
\locallabelnumberwidth=\skip80
\locallabelalphawidth=\skip81
\localshorthandwidth=\skip82
\localshortjournalwidth=\skip83
\localshortserieswidth=\skip84
\localshorttitlewidth=\skip85
\localshortauthorwidth=\skip86
\localshorteditorwidth=\skip87
Package biblatex Info: Trying to load compatibility code...
Package biblatex Info: ... file 'blx-compat.def' found.
 (C:\Users\PC\AppData\Local\Programs\MiKTeX\tex/latex/biblatex\blx-compat.def
File: blx-compat.def 2023/03/05 v3.19 biblatex compatibility (PK/MW)
)
Package biblatex Info: Trying to load generic definitions...
Package biblatex Info: ... file 'biblatex.def' found.
 (C:\Users\PC\AppData\Local\Programs\MiKTeX\tex/latex/biblatex\biblatex.def
File: biblatex.def 2023/03/05 v3.19 biblatex compatibility (PK/MW)
\c@textcitecount=\count395
\c@textcitetotal=\count396
\c@textcitemaxnames=\count397
\c@biburlbigbreakpenalty=\count398
\c@biburlbreakpenalty=\count399
\c@biburlnumpenalty=\count400
\c@biburlucpenalty=\count401
\c@biburllcpenalty=\count402
\biburlbigskip=\muskip17
\biburlnumskip=\muskip18
\biburlucskip=\muskip19
\biburllcskip=\muskip20
\c@smartand=\count403
)
Package biblatex Info: Trying to load bibliography style 'apa'...
Package biblatex Info: ... file 'apa.bbx' found.
 (C:\Users\PC\AppData\Local\Programs\MiKTeX\tex/latex/biblatex-apa\apa.bbx
File: apa.bbx 2025/08/27 v9.20 APA biblatex references style
Package biblatex Info: Trying to load bibliography style 'standard'...
Package biblatex Info: ... file 'standard.bbx' found.
 (C:\Users\PC\AppData\Local\Programs\MiKTeX\tex/latex/biblatex/bbx\standard.bbx
File: standard.bbx 2023/03/05 v3.19 biblatex bibliography style (PK/MW)
\c@bbx:relatedcount=\count404
\c@bbx:relatedtotal=\count405
)
Package biblatex Info: Delimiter 'nameyeardelim' in context 'bib' already defined, overwriting.
Package biblatex Info: Delimiter 'nameyeardelim' in context 'biblist' already defined, overwriting.
Package biblatex Info: Delimiter 'nonameyeardelim' in context 'bib' already defined, overwriting.
Package biblatex Info: Delimiter 'nonameyeardelim' in context 'biblist' already defined, overwriting.
)
Package biblatex Info: Trying to load citation style 'numeric'...
Package biblatex Info: ... file 'numeric.cbx' found.
 (C:\Users\PC\AppData\Local\Programs\MiKTeX\tex/latex/biblatex/cbx\numeric.cbx
File: numeric.cbx 2023/03/05 v3.19 biblatex citation style (PK/MW)
Package biblatex Info: Redefining '\cite'.
Package biblatex Info: Redefining '\parencite'.
Package biblatex Info: Redefining '\footcite'.
Package biblatex Info: Redefining '\footcitetext'.
Package biblatex Info: Redefining '\smartcite'.
Package biblatex Info: Redefining '\supercite'.
Package biblatex Info: Redefining '\textcite'.
Package biblatex Info: Redefining '\textcites'.
Package biblatex Info: Redefining '\cites'.
Package biblatex Info: Redefining '\parencites'.
Package biblatex Info: Redefining '\smartcites'.
)
Package biblatex Info: Trying to load configuration file...
Package biblatex Info: ... file 'biblatex.cfg' found.
 (C:\Users\PC\AppData\Local\Programs\MiKTeX\tex/latex/biblatex\biblatex.cfg
File: biblatex.cfg 
)
Package biblatex Info: Input encoding 'utf8' detected.
Package biblatex Info: Document encoding is UTF8 ....
 (C:\Users\PC\AppData\Local\Programs\MiKTeX\tex/latex/l3kernel\expl3.sty
Package: expl3 2024-01-04 L3 programming layer (loader) 
 (C:\Users\PC\AppData\Local\Programs\MiKTeX\tex/latex/l3backend\l3backend-pdftex.def
File: l3backend-pdftex.def 2024-01-04 L3 backend support: PDF output (pdfTeX)
\l__color_backend_stack_int=\count406
\l__pdf_internal_box=\box53
))
Package biblatex Info: ... and expl3
(biblatex)             2024-01-04 L3 programming layer (loader) 
(biblatex)             is new enough (at least 2020/04/06),
(biblatex)             setting 'casechanger=expl3'.
 (C:\Users\PC\AppData\Local\Programs\MiKTeX\tex/latex/biblatex\blx-case-expl3.sty (C:\Users\PC\AppData\Local\Programs\MiKTeX\tex/latex/l3packages/xparse\xparse.sty
Package: xparse 2023-10-10 L3 Experimental document command parser
)
Package: blx-case-expl3 2023/03/05 v3.19 expl3 case changing code for biblatex
)) (C:\Users\PC\AppData\Local\Programs\MiKTeX\tex/latex/appendix\appendix.sty
Package: appendix 2020/02/08 v1.2c extra appendix facilities
\c@@pps=\count407
\c@@ppsavesec=\count408
\c@@ppsaveapp=\count409
) (C:\Users\PC\AppData\Local\Programs\MiKTeX\tex/latex/psnfss\pifont.sty
Package: pifont 2020/03/25 PSNFSS-v9.3 Pi font support (SPQR) 
LaTeX Font Info:    Trying to load font information for U+pzd on input line 63.
 (C:\Users\PC\AppData\Local\Programs\MiKTeX\tex/latex/psnfss\upzd.fd
File: upzd.fd 2001/06/04 font definitions for U/pzd.
)
LaTeX Font Info:    Trying to load font information for U+psy on input line 64.
 (C:\Users\PC\AppData\Local\Programs\MiKTeX\tex/latex/psnfss\upsy.fd
File: upsy.fd 2001/06/04 font definitions for U/psy.
)) (C:\Users\PC\AppData\Local\Programs\MiKTeX\tex/latex/tools\indentfirst.sty
Package: indentfirst 2023/07/02 v1.03 Indent first paragraph (DPC)
) (C:\Users\PC\AppData\Local\Programs\MiKTeX\tex/latex/vcell\vcell.sty
Package: vcell 2021/04/30 v1.0.2
\rowheight=\dimen148
\rowht=\dimen149
\rowdp=\dimen150
\@cellcount=\count410
\@cellusecount=\count411
\@celltemp=\box54
) (C:\Users\PC\AppData\Local\Programs\MiKTeX\tex/latex/tabularray\tabularray.sty
Package: tabularray 2025-08-29 v2025B Typeset tabulars and arrays with LaTeX3
\l__tblr_a_int=\count412
\l__tblr_c_int=\count413
\l__tblr_r_int=\count414
\l__tblr_d_dim=\dimen151
\l__tblr_h_dim=\dimen152
\l__tblr_o_dim=\dimen153
\l__tblr_p_dim=\dimen154
\l__tblr_q_dim=\dimen155
\l__tblr_r_dim=\dimen156
\l__tblr_s_dim=\dimen157
\l__tblr_t_dim=\dimen158
\l__tblr_v_dim=\dimen159
\l__tblr_w_dim=\dimen160
\l__tblr_a_box=\box55
\l__tblr_b_box=\box56
\l__tblr_c_box=\box57
\l__tblr_d_box=\box58
\c@tblrcount=\count415
\c@rownum=\count416
\c@colnum=\count417
\c@rowcount=\count418
\c@colcount=\count419
\abovesep=\dimen161
\belowsep=\dimen162
\leftsep=\dimen163
\rightsep=\dimen164
\gTblrLevelInt=\count420
\g__tblr_data_row_key_count_int=\count421
\g__tblr_data_column_key_count_int=\count422
\g__tblr_data_cell_key_count_int=\count423
\g__tblr_array_int=\count424
\l__tblr_key_count_int=\count425
\l__tblr_key_quotient_int=\count426
\l__tblr_key_quotient_two_int=\count427
\l__tblr_key_remainder_int=\count428
\g__tblr_data_str_value_count_int=\count429
\lTblrChildTotalInt=\count430
\lTblrChildHtotalInt=\count431
\lTblrChildVtotalInt=\count432
\l__child_diff_h_int=\count433
\l__child_diff_v_int=\count434
\l__child_sign_h_int=\count435
\l__child_sign_v_int=\count436
\l__child_step_int=\count437
\lTblrDefaultHruleWidthDim=\dimen165
\lTblrDefaultVruleWidthDim=\dimen166
\l__tblr_split_balance_int=\count438
\l__tblr_strut_dp_dim=\dimen167
\l__tblr_strut_ht_dim=\dimen168
\g__tblr_cell_wd_dim=\dimen169
\g__tblr_cell_ht_dim=\dimen170
\g__tblr_cell_head_dim=\dimen171
\g__tblr_cell_foot_dim=\dimen172
\l__tblr_measured_cell_box=\box59
\g__tblr_last_box=\box60
\l__tblr_temp_box=\box61
\l__tblr_column_target_dim=\dimen173
\l__tblr_hfuzz_dim=\dimen174
\l__tblr_caption_box=\box62
\l__tblr_caption_left_box=\box63
\lTblrRowHeadInt=\count439
\lTblrRowFootInt=\count440
\l__tblr_row_head_box=\box64
\l__tblr_row_foot_box=\box65
\l__tblr_row_head_foot_dim=\dimen175
\lTblrTableWidthDim=\dimen176
\l__tblr_table_firsthead_box=\box66
\l__tblr_table_middlehead_box=\box67
\l__tblr_table_lasthead_box=\box68
\l__tblr_table_firstfoot_box=\box69
\l__tblr_table_middlefoot_box=\box70
\l__tblr_table_lastfoot_box=\box71
\l__tblr_remain_height_dim=\dimen177
\l__tblr_long_from_int=\count441
\l__tblr_long_to_int=\count442
\l__tblr_curr_i_int=\count443
\l__tblr_prev_i_int=\count444
\lTblrTablePageInt=\count445
\l__tblr_table_head_box=\box72
\l__tblr_table_foot_box=\box73
\l__tblr_table_head_foot_dim=\dimen178
\l__tblr_table_head_body_foot_dim=\dimen179
\l__tblr_table_box=\box74
\lTblrRowFirstInt=\count446
\lTblrRowLastInt=\count447
\l__tblr_table_hlines_box=\box75
\l__tblr_hline_box=\box76
\l__tblr_row_box=\box77
\l__tblr_col_o_wd_dim=\dimen180
\l__tblr_col_b_wd_dim=\dimen181
\l__tblr_hline_leftskip_dim=\dimen182
\l__tblr_hline_rightskip_dim=\dimen183
\l__tblr_row_ht_dim=\dimen184
\l__tblr_row_dp_dim=\dimen185
\l__tblr_row_abovesep_dim=\dimen186
\l__tblr_row_belowsep_dim=\dimen187
\l__tblr_row_vlines_box=\box78
\l__tblr_vline_box=\box79
\l__tblr_cell_box=\box80
\l__tblr_row_upper_dim=\dimen188
\l__tblr_row_lower_dim=\dimen189
\l__tblr_row_vpace_dim=\dimen190
\l__tblr_vline_aboveskip_dim=\dimen191
\l__tblr_vline_belowskip_dim=\dimen192
\lTblrCellRowSpanInt=\count448
\lTblrCellColSpanInt=\count449
\l__tblr_cell_wd_dim=\dimen193
\l__tblr_cell_ht_dim=\dimen194
\lTblrCellAboveBorderWidthDim=\dimen195
\lTblrCellBelowBorderWidthDim=\dimen196
\lTblrCellLeftBorderWidthDim=\dimen197
\lTblrCellRightBorderWidthDim=\dimen198
\l__tblr_diag_box=\box81
\l__tblr_cell_inner_wd_dim=\dimen199
\l__tblr_cell_inner_dp_dim=\dimen256
\l__tblr_cell_hanchor_dim=\dimen257
\l__tblr_last_cell_table_ht_dim=\dimen258
\l__tblr_last_cell_table_dp_dim=\dimen259
\l__tblr_last_vline_wd_dim=\dimen260
\l__tblr_tikz_node_box=\box82
) (C:\Users\PC\AppData\Local\Programs\MiKTeX\tex/latex/cancel\cancel.sty
Package: cancel 2013/04/12 v2.2 Cancel math terms
) (C:\Users\PC\AppData\Local\Programs\MiKTeX\tex/latex/amsmath\amsmath.sty
Package: amsmath 2023/05/13 v2.17o AMS math features
\@mathmargin=\skip88

For additional information on amsmath, use the `?' option.
(C:\Users\PC\AppData\Local\Programs\MiKTeX\tex/latex/amsmath\amstext.sty
Package: amstext 2021/08/26 v2.01 AMS text
 (C:\Users\PC\AppData\Local\Programs\MiKTeX\tex/latex/amsmath\amsgen.sty
File: amsgen.sty 1999/11/30 v2.0 generic functions
\@emptytoks=\toks24
\ex@=\dimen261
)) (C:\Users\PC\AppData\Local\Programs\MiKTeX\tex/latex/amsmath\amsbsy.sty
Package: amsbsy 1999/11/29 v1.2d Bold Symbols
\pmbraise@=\dimen262
) (C:\Users\PC\AppData\Local\Programs\MiKTeX\tex/latex/amsmath\amsopn.sty
Package: amsopn 2022/04/08 v2.04 operator names
)
\inf@bad=\count450
LaTeX Info: Redefining \frac on input line 234.
\uproot@=\count451
\leftroot@=\count452
LaTeX Info: Redefining \overline on input line 399.
LaTeX Info: Redefining \colon on input line 410.
\classnum@=\count453
\DOTSCASE@=\count454
LaTeX Info: Redefining \ldots on input line 496.
LaTeX Info: Redefining \dots on input line 499.
LaTeX Info: Redefining \cdots on input line 620.
\Mathstrutbox@=\box83
\strutbox@=\box84
LaTeX Info: Redefining \big on input line 722.
LaTeX Info: Redefining \Big on input line 723.
LaTeX Info: Redefining \bigg on input line 724.
LaTeX Info: Redefining \Bigg on input line 725.
\big@size=\dimen263
LaTeX Font Info:    Redeclaring font encoding OML on input line 743.
LaTeX Font Info:    Redeclaring font encoding OMS on input line 744.
\macc@depth=\count455
LaTeX Info: Redefining \bmod on input line 905.
LaTeX Info: Redefining \pmod on input line 910.
LaTeX Info: Redefining \smash on input line 940.
LaTeX Info: Redefining \relbar on input line 970.
LaTeX Info: Redefining \Relbar on input line 971.
\c@MaxMatrixCols=\count456
\dotsspace@=\muskip21
\c@parentequation=\count457
\dspbrk@lvl=\count458
\tag@help=\toks25
\row@=\count459
\column@=\count460
\maxfields@=\count461
\andhelp@=\toks26
\eqnshift@=\dimen264
\alignsep@=\dimen265
\tagshift@=\dimen266
\tagwidth@=\dimen267
\totwidth@=\dimen268
\lineht@=\dimen269
\@envbody=\toks27
\multlinegap=\skip89
\multlinetaggap=\skip90
\mathdisplay@stack=\toks28
LaTeX Info: Redefining \[ on input line 2953.
LaTeX Info: Redefining \] on input line 2954.
) (C:\Users\PC\AppData\Local\Programs\MiKTeX\tex/latex/amscls\amsthm.sty
Package: amsthm 2020/05/29 v2.20.6
\thm@style=\toks29
\thm@bodyfont=\toks30
\thm@headfont=\toks31
\thm@notefont=\toks32
\thm@headpunct=\toks33
\thm@preskip=\skip91
\thm@postskip=\skip92
\thm@headsep=\skip93
\dth@everypar=\toks34
) (C:\Users\PC\AppData\Local\Programs\MiKTeX\tex/latex/tools\multicol.sty
Package: multicol 2023/03/30 v1.9f multicolumn formatting (FMi)
\c@tracingmulticols=\count462
\mult@box=\box85
\multicol@leftmargin=\dimen270
\c@unbalance=\count463
\c@collectmore=\count464
\doublecol@number=\count465
\multicoltolerance=\count466
\multicolpretolerance=\count467
\full@width=\dimen271
\page@free=\dimen272
\premulticols=\dimen273
\postmulticols=\dimen274
\multicolsep=\skip94
\multicolbaselineskip=\skip95
\partial@page=\box86
\last@line=\box87
\mc@boxedresult=\box88
\maxbalancingoverflow=\dimen275
\mult@rightbox=\box89
\mult@grightbox=\box90
\mult@firstbox=\box91
\mult@gfirstbox=\box92
\@tempa=\box93
\@tempa=\box94
\@tempa=\box95
\@tempa=\box96
\@tempa=\box97
\@tempa=\box98
\@tempa=\box99
\@tempa=\box100
\@tempa=\box101
\@tempa=\box102
\@tempa=\box103
\@tempa=\box104
\@tempa=\box105
\@tempa=\box106
\@tempa=\box107
\@tempa=\box108
\@tempa=\box109
\@tempa=\box110
\@tempa=\box111
\@tempa=\box112
\@tempa=\box113
\@tempa=\box114
\@tempa=\box115
\@tempa=\box116
\@tempa=\box117
\@tempa=\box118
\@tempa=\box119
\@tempa=\box120
\@tempa=\box121
\@tempa=\box122
\@tempa=\box123
\@tempa=\box124
\@tempa=\box125
\@tempa=\box126
\@tempa=\box127
\@tempa=\box128
\c@minrows=\count468
\c@columnbadness=\count469
\c@finalcolumnbadness=\count470
\last@try=\dimen276
\multicolovershoot=\dimen277
\multicolundershoot=\dimen278
\mult@nat@firstbox=\box129
\colbreak@box=\box130
\mc@col@check@num=\count471
) (C:\Users\PC\AppData\Local\Programs\MiKTeX\tex/latex/tools\longtable.sty
Package: longtable 2023-11-01 v4.19 Multi-page Table package (DPC)
\LTleft=\skip96
\LTright=\skip97
\LTpre=\skip98
\LTpost=\skip99
\LTchunksize=\count472
\LTcapwidth=\dimen279
\LT@head=\box131
\LT@firsthead=\box132
\LT@foot=\box133
\LT@lastfoot=\box134
\LT@gbox=\box135
\LT@cols=\count473
\LT@rows=\count474
\c@LT@tables=\count475
\c@LT@chunks=\count476
\LT@p@ftn=\toks35
) (C:\Users\PC\AppData\Local\Programs\MiKTeX\tex/latex/amsmath\amscd.sty
Package: amscd 2017/04/14 v2.1 AMS Commutative Diagrams
\athelp@=\toks36
\minaw@=\dimen280
\bigaw@=\dimen281
\minCDarrowwidth=\dimen282
) (C:\Users\PC\AppData\Local\Programs\MiKTeX\tex/latex/diagbox\diagbox.sty
Package: diagbox 2020/02/09 v2.3 Making table heads with diagonal lines
 (C:\Users\PC\AppData\Local\Programs\MiKTeX\tex/latex/pict2e\pict2e.sty
Package: pict2e 2020/09/30 v0.4b Improved picture commands (HjG,RN,JT)
 (C:\Users\PC\AppData\Local\Programs\MiKTeX\tex/latex/pict2e\pict2e.cfg
File: pict2e.cfg 2016/02/05 v0.1u pict2e configuration for teTeX/TeXLive
)
Package pict2e Info: Driver file: pdftex.def on input line 112.
Package pict2e Info: Driver file for pict2e: p2e-pdftex.def on input line 114.
 (C:\Users\PC\AppData\Local\Programs\MiKTeX\tex/latex/pict2e\p2e-pdftex.def
File: p2e-pdftex.def 2016/02/05 v0.1u Driver-dependant file (RN,HjG,JT)
)
\pIIe@GRAPH=\toks37
\@arclen=\dimen283
\@arcrad=\dimen284
\pIIe@tempdima=\dimen285
\pIIe@tempdimb=\dimen286
\pIIe@tempdimc=\dimen287
\pIIe@tempdimd=\dimen288
\pIIe@tempdime=\dimen289
\pIIe@tempdimf=\dimen290
) (C:\Users\PC\AppData\Local\Programs\MiKTeX\tex/latex/tools\calc.sty
Package: calc 2023/07/08 v4.3 Infix arithmetic (KKT,FJ)
\calc@Acount=\count477
\calc@Bcount=\count478
\calc@Adimen=\dimen291
\calc@Bdimen=\dimen292
\calc@Askip=\skip100
\calc@Bskip=\skip101
LaTeX Info: Redefining \setlength on input line 80.
LaTeX Info: Redefining \addtolength on input line 81.
\calc@Ccount=\count479
\calc@Cskip=\skip102
)
\diagbox@boxa=\box136
\diagbox@boxb=\box137
\diagbox@boxm=\box138
\diagbox@wd=\dimen293
\diagbox@ht=\dimen294
\diagbox@insepl=\dimen295
\diagbox@insepr=\dimen296
\diagbox@outsepl=\dimen297
\diagbox@outsepr=\dimen298
) (C:\Users\PC\AppData\Local\Programs\MiKTeX\tex/latex/booktabs\booktabs.sty
Package: booktabs 2020/01/12 v1.61803398 Publication quality tables
\heavyrulewidth=\dimen299
\lightrulewidth=\dimen300
\cmidrulewidth=\dimen301
\belowrulesep=\dimen302
\belowbottomsep=\dimen303
\aboverulesep=\dimen304
\abovetopsep=\dimen305
\cmidrulesep=\dimen306
\cmidrulekern=\dimen307
\defaultaddspace=\dimen308
\@cmidla=\count480
\@cmidlb=\count481
\@aboverulesep=\dimen309
\@belowrulesep=\dimen310
\@thisruleclass=\count482
\@lastruleclass=\count483
\@thisrulewidth=\dimen311
) (C:\Users\PC\AppData\Local\Programs\MiKTeX\tex/latex/ltablex\ltablex.sty
Package: ltablex 2014/08/13 v1.1 Modified tabularx
 (C:\Users\PC\AppData\Local\Programs\MiKTeX\tex/latex/tools\tabularx.sty
Package: tabularx 2023/07/08 v2.11c `tabularx' package (DPC)
\TX@col@width=\dimen312
\TX@old@table=\dimen313
\TX@old@col=\dimen314
\TX@target=\dimen315
\TX@delta=\dimen316
\TX@cols=\count484
\TX@ftn=\toks38
)) (C:\Users\PC\AppData\Local\Programs\MiKTeX\tex/latex/needspace\needspace.sty
Package: needspace 2025/03/13 v1.3e reserve vertical space
) (C:\Users\PC\AppData\Local\Programs\MiKTeX\tex/latex/base\alltt.sty
Package: alltt 2021/01/29 v2.0g defines alltt environment
) (C:\Users\PC\AppData\Local\Programs\MiKTeX\tex/latex/mdframed\mdframed.sty
Package: mdframed 2013/07/01 1.9b: mdframed
 (C:\Users\PC\AppData\Local\Programs\MiKTeX\tex/latex/zref\zref-abspage.sty
Package: zref-abspage 2025-06-08 v2.36 Module abspage for zref (HO)
 (C:\Users\PC\AppData\Local\Programs\MiKTeX\tex/latex/zref\zref-base.sty
Package: zref-base 2025-06-08 v2.36 Module base for zref (HO)
 (C:\Users\PC\AppData\Local\Programs\MiKTeX\tex/generic/kvdefinekeys\kvdefinekeys.sty
Package: kvdefinekeys 2019-12-19 v1.6 Define keys (HO)
) (C:\Users\PC\AppData\Local\Programs\MiKTeX\tex/generic/etexcmds\etexcmds.sty
Package: etexcmds 2019/12/15 v1.7 Avoid name clashes with e-TeX commands (HO)
) (C:\Users\PC\AppData\Local\Programs\MiKTeX\tex/latex/auxhook\auxhook.sty
Package: auxhook 2019-12-17 v1.6 Hooks for auxiliary files (HO)
)
Package zref Info: New property list: main on input line 767.
Package zref Info: New property: default on input line 768.
Package zref Info: New property: page on input line 769.
)
\c@abspage=\count485
Package zref Info: New property: abspage on input line 67.
) (C:\Users\PC\AppData\Local\Programs\MiKTeX\tex/latex/graphics\color.sty
Package: color 2022/01/06 v1.3d Standard LaTeX Color (DPC)
 (C:\Users\PC\AppData\Local\Programs\MiKTeX\tex/latex/graphics-cfg\color.cfg
File: color.cfg 2016/01/02 v1.6 sample color configuration
)
Package color Info: Driver file: pdftex.def on input line 149.
 (C:\Users\PC\AppData\Local\Programs\MiKTeX\tex/latex/graphics\mathcolor.ltx))
\mdf@templength=\skip103
\c@mdf@globalstyle@cnt=\count486
\mdf@skipabove@length=\skip104
\mdf@skipbelow@length=\skip105
\mdf@leftmargin@length=\skip106
\mdf@rightmargin@length=\skip107
\mdf@innerleftmargin@length=\skip108
\mdf@innerrightmargin@length=\skip109
\mdf@innertopmargin@length=\skip110
\mdf@innerbottommargin@length=\skip111
\mdf@splittopskip@length=\skip112
\mdf@splitbottomskip@length=\skip113
\mdf@outermargin@length=\skip114
\mdf@innermargin@length=\skip115
\mdf@linewidth@length=\skip116
\mdf@innerlinewidth@length=\skip117
\mdf@middlelinewidth@length=\skip118
\mdf@outerlinewidth@length=\skip119
\mdf@roundcorner@length=\skip120
\mdf@footenotedistance@length=\skip121
\mdf@userdefinedwidth@length=\skip122
\mdf@needspace@length=\skip123
\mdf@frametitleaboveskip@length=\skip124
\mdf@frametitlebelowskip@length=\skip125
\mdf@frametitlerulewidth@length=\skip126
\mdf@frametitleleftmargin@length=\skip127
\mdf@frametitlerightmargin@length=\skip128
\mdf@shadowsize@length=\skip129
\mdf@extratopheight@length=\skip130
\mdf@subtitleabovelinewidth@length=\skip131
\mdf@subtitlebelowlinewidth@length=\skip132
\mdf@subtitleaboveskip@length=\skip133
\mdf@subtitlebelowskip@length=\skip134
\mdf@subtitleinneraboveskip@length=\skip135
\mdf@subtitleinnerbelowskip@length=\skip136
\mdf@subsubtitleabovelinewidth@length=\skip137
\mdf@subsubtitlebelowlinewidth@length=\skip138
\mdf@subsubtitleaboveskip@length=\skip139
\mdf@subsubtitlebelowskip@length=\skip140
\mdf@subsubtitleinneraboveskip@length=\skip141
\mdf@subsubtitleinnerbelowskip@length=\skip142
 (C:\Users\PC\AppData\Local\Programs\MiKTeX\tex/latex/pgf/frontendlayer\tikz.sty (C:\Users\PC\AppData\Local\Programs\MiKTeX\tex/latex/pgf/basiclayer\pgf.sty (C:\Users\PC\AppData\Local\Programs\MiKTeX\tex/latex/pgf/utilities\pgfrcs.sty (C:\Users\PC\AppData\Local\Programs\MiKTeX\tex/generic/pgf/utilities\pgfutil-common.tex
\pgfutil@everybye=\toks39
\pgfutil@tempdima=\dimen317
\pgfutil@tempdimb=\dimen318
) (C:\Users\PC\AppData\Local\Programs\MiKTeX\tex/generic/pgf/utilities\pgfutil-latex.def
\pgfutil@abb=\box139
) (C:\Users\PC\AppData\Local\Programs\MiKTeX\tex/generic/pgf/utilities\pgfrcs.code.tex (C:\Users\PC\AppData\Local\Programs\MiKTeX\tex/generic/pgf\pgf.revision.tex)
Package: pgfrcs 2023-01-15 v3.1.10 (3.1.10)
))
Package: pgf 2023-01-15 v3.1.10 (3.1.10)
 (C:\Users\PC\AppData\Local\Programs\MiKTeX\tex/latex/pgf/basiclayer\pgfcore.sty (C:\Users\PC\AppData\Local\Programs\MiKTeX\tex/latex/pgf/systemlayer\pgfsys.sty (C:\Users\PC\AppData\Local\Programs\MiKTeX\tex/generic/pgf/systemlayer\pgfsys.code.tex
Package: pgfsys 2023-01-15 v3.1.10 (3.1.10)
 (C:\Users\PC\AppData\Local\Programs\MiKTeX\tex/generic/pgf/utilities\pgfkeys.code.tex
\pgfkeys@pathtoks=\toks40
\pgfkeys@temptoks=\toks41
 (C:\Users\PC\AppData\Local\Programs\MiKTeX\tex/generic/pgf/utilities\pgfkeyslibraryfiltered.code.tex
\pgfkeys@tmptoks=\toks42
))
\pgf@x=\dimen319
\pgf@y=\dimen320
\pgf@xa=\dimen321
\pgf@ya=\dimen322
\pgf@xb=\dimen323
\pgf@yb=\dimen324
\pgf@xc=\dimen325
\pgf@yc=\dimen326
\pgf@xd=\dimen327
\pgf@yd=\dimen328
\w@pgf@writea=\write4
\r@pgf@reada=\read4
\c@pgf@counta=\count487
\c@pgf@countb=\count488
\c@pgf@countc=\count489
\c@pgf@countd=\count490
\t@pgf@toka=\toks43
\t@pgf@tokb=\toks44
\t@pgf@tokc=\toks45
\pgf@sys@id@count=\count491
 (C:\Users\PC\AppData\Local\Programs\MiKTeX\tex/generic/pgf/systemlayer\pgf.cfg
File: pgf.cfg 2023-01-15 v3.1.10 (3.1.10)
)
Driver file for pgf: pgfsys-pdftex.def
 (C:\Users\PC\AppData\Local\Programs\MiKTeX\tex/generic/pgf/systemlayer\pgfsys-pdftex.def
File: pgfsys-pdftex.def 2023-01-15 v3.1.10 (3.1.10)
 (C:\Users\PC\AppData\Local\Programs\MiKTeX\tex/generic/pgf/systemlayer\pgfsys-common-pdf.def
File: pgfsys-common-pdf.def 2023-01-15 v3.1.10 (3.1.10)
))) (C:\Users\PC\AppData\Local\Programs\MiKTeX\tex/generic/pgf/systemlayer\pgfsyssoftpath.code.tex
File: pgfsyssoftpath.code.tex 2023-01-15 v3.1.10 (3.1.10)
\pgfsyssoftpath@smallbuffer@items=\count492
\pgfsyssoftpath@bigbuffer@items=\count493
) (C:\Users\PC\AppData\Local\Programs\MiKTeX\tex/generic/pgf/systemlayer\pgfsysprotocol.code.tex
File: pgfsysprotocol.code.tex 2023-01-15 v3.1.10 (3.1.10)
)) (C:\Users\PC\AppData\Local\Programs\MiKTeX\tex/latex/xcolor\xcolor.sty
Package: xcolor 2023/11/15 v3.01 LaTeX color extensions (UK)
 (C:\Users\PC\AppData\Local\Programs\MiKTeX\tex/latex/graphics-cfg\color.cfg
File: color.cfg 2016/01/02 v1.6 sample color configuration
)
Package xcolor Info: Driver file: pdftex.def on input line 274.
LaTeX Info: Redefining \color on input line 758.
 (C:\Users\PC\AppData\Local\Programs\MiKTeX\tex/latex/graphics\mathcolor.ltx)
Package xcolor Info: Model `cmy' substituted by `cmy0' on input line 1350.
Package xcolor Info: Model `hsb' substituted by `rgb' on input line 1354.
Package xcolor Info: Model `RGB' extended on input line 1366.
Package xcolor Info: Model `HTML' substituted by `rgb' on input line 1368.
Package xcolor Info: Model `Hsb' substituted by `hsb' on input line 1369.
Package xcolor Info: Model `tHsb' substituted by `hsb' on input line 1370.
Package xcolor Info: Model `HSB' substituted by `hsb' on input line 1371.
Package xcolor Info: Model `Gray' substituted by `gray' on input line 1372.
Package xcolor Info: Model `wave' substituted by `hsb' on input line 1373.
) (C:\Users\PC\AppData\Local\Programs\MiKTeX\tex/latex/ninecolors\ninecolors.sty
Package: ninecolors 2022-02-13 v2022D Select colors with proper color contrast
) (C:\Users\PC\AppData\Local\Programs\MiKTeX\tex/generic/pgf/basiclayer\pgfcore.code.tex
Package: pgfcore 2023-01-15 v3.1.10 (3.1.10)
 (C:\Users\PC\AppData\Local\Programs\MiKTeX\tex/generic/pgf/math\pgfmath.code.tex (C:\Users\PC\AppData\Local\Programs\MiKTeX\tex/generic/pgf/math\pgfmathutil.code.tex) (C:\Users\PC\AppData\Local\Programs\MiKTeX\tex/generic/pgf/math\pgfmathparser.code.tex
\pgfmath@dimen=\dimen329
\pgfmath@count=\count494
\pgfmath@box=\box140
\pgfmath@toks=\toks46
\pgfmath@stack@operand=\toks47
\pgfmath@stack@operation=\toks48
) (C:\Users\PC\AppData\Local\Programs\MiKTeX\tex/generic/pgf/math\pgfmathfunctions.code.tex) (C:\Users\PC\AppData\Local\Programs\MiKTeX\tex/generic/pgf/math\pgfmathfunctions.basic.code.tex) (C:\Users\PC\AppData\Local\Programs\MiKTeX\tex/generic/pgf/math\pgfmathfunctions.trigonometric.code.tex) (C:\Users\PC\AppData\Local\Programs\MiKTeX\tex/generic/pgf/math\pgfmathfunctions.random.code.tex) (C:\Users\PC\AppData\Local\Programs\MiKTeX\tex/generic/pgf/math\pgfmathfunctions.comparison.code.tex) (C:\Users\PC\AppData\Local\Programs\MiKTeX\tex/generic/pgf/math\pgfmathfunctions.base.code.tex) (C:\Users\PC\AppData\Local\Programs\MiKTeX\tex/generic/pgf/math\pgfmathfunctions.round.code.tex) (C:\Users\PC\AppData\Local\Programs\MiKTeX\tex/generic/pgf/math\pgfmathfunctions.misc.code.tex) (C:\Users\PC\AppData\Local\Programs\MiKTeX\tex/generic/pgf/math\pgfmathfunctions.integerarithmetics.code.tex) (C:\Users\PC\AppData\Local\Programs\MiKTeX\tex/generic/pgf/math\pgfmathcalc.code.tex) (C:\Users\PC\AppData\Local\Programs\MiKTeX\tex/generic/pgf/math\pgfmathfloat.code.tex
\c@pgfmathroundto@lastzeros=\count495
)) (C:\Users\PC\AppData\Local\Programs\MiKTeX\tex/generic/pgf/math\pgfint.code.tex) (C:\Users\PC\AppData\Local\Programs\MiKTeX\tex/generic/pgf/basiclayer\pgfcorepoints.code.tex
File: pgfcorepoints.code.tex 2023-01-15 v3.1.10 (3.1.10)
\pgf@picminx=\dimen330
\pgf@picmaxx=\dimen331
\pgf@picminy=\dimen332
\pgf@picmaxy=\dimen333
\pgf@pathminx=\dimen334
\pgf@pathmaxx=\dimen335
\pgf@pathminy=\dimen336
\pgf@pathmaxy=\dimen337
\pgf@xx=\dimen338
\pgf@xy=\dimen339
\pgf@yx=\dimen340
\pgf@yy=\dimen341
\pgf@zx=\dimen342
\pgf@zy=\dimen343
) (C:\Users\PC\AppData\Local\Programs\MiKTeX\tex/generic/pgf/basiclayer\pgfcorepathconstruct.code.tex
File: pgfcorepathconstruct.code.tex 2023-01-15 v3.1.10 (3.1.10)
\pgf@path@lastx=\dimen344
\pgf@path@lasty=\dimen345
) (C:\Users\PC\AppData\Local\Programs\MiKTeX\tex/generic/pgf/basiclayer\pgfcorepathusage.code.tex
File: pgfcorepathusage.code.tex 2023-01-15 v3.1.10 (3.1.10)
\pgf@shorten@end@additional=\dimen346
\pgf@shorten@start@additional=\dimen347
) (C:\Users\PC\AppData\Local\Programs\MiKTeX\tex/generic/pgf/basiclayer\pgfcorescopes.code.tex
File: pgfcorescopes.code.tex 2023-01-15 v3.1.10 (3.1.10)
\pgfpic=\box141
\pgf@hbox=\box142
\pgf@layerbox@main=\box143
\pgf@picture@serial@count=\count496
) (C:\Users\PC\AppData\Local\Programs\MiKTeX\tex/generic/pgf/basiclayer\pgfcoregraphicstate.code.tex
File: pgfcoregraphicstate.code.tex 2023-01-15 v3.1.10 (3.1.10)
\pgflinewidth=\dimen348
) (C:\Users\PC\AppData\Local\Programs\MiKTeX\tex/generic/pgf/basiclayer\pgfcoretransformations.code.tex
File: pgfcoretransformations.code.tex 2023-01-15 v3.1.10 (3.1.10)
\pgf@pt@x=\dimen349
\pgf@pt@y=\dimen350
\pgf@pt@temp=\dimen351
) (C:\Users\PC\AppData\Local\Programs\MiKTeX\tex/generic/pgf/basiclayer\pgfcorequick.code.tex
File: pgfcorequick.code.tex 2023-01-15 v3.1.10 (3.1.10)
) (C:\Users\PC\AppData\Local\Programs\MiKTeX\tex/generic/pgf/basiclayer\pgfcoreobjects.code.tex
File: pgfcoreobjects.code.tex 2023-01-15 v3.1.10 (3.1.10)
) (C:\Users\PC\AppData\Local\Programs\MiKTeX\tex/generic/pgf/basiclayer\pgfcorepathprocessing.code.tex
File: pgfcorepathprocessing.code.tex 2023-01-15 v3.1.10 (3.1.10)
) (C:\Users\PC\AppData\Local\Programs\MiKTeX\tex/generic/pgf/basiclayer\pgfcorearrows.code.tex
File: pgfcorearrows.code.tex 2023-01-15 v3.1.10 (3.1.10)
\pgfarrowsep=\dimen352
) (C:\Users\PC\AppData\Local\Programs\MiKTeX\tex/generic/pgf/basiclayer\pgfcoreshade.code.tex
File: pgfcoreshade.code.tex 2023-01-15 v3.1.10 (3.1.10)
\pgf@max=\dimen353
\pgf@sys@shading@range@num=\count497
\pgf@shadingcount=\count498
) (C:\Users\PC\AppData\Local\Programs\MiKTeX\tex/generic/pgf/basiclayer\pgfcoreimage.code.tex
File: pgfcoreimage.code.tex 2023-01-15 v3.1.10 (3.1.10)
) (C:\Users\PC\AppData\Local\Programs\MiKTeX\tex/generic/pgf/basiclayer\pgfcoreexternal.code.tex
File: pgfcoreexternal.code.tex 2023-01-15 v3.1.10 (3.1.10)
\pgfexternal@startupbox=\box144
) (C:\Users\PC\AppData\Local\Programs\MiKTeX\tex/generic/pgf/basiclayer\pgfcorelayers.code.tex
File: pgfcorelayers.code.tex 2023-01-15 v3.1.10 (3.1.10)
) (C:\Users\PC\AppData\Local\Programs\MiKTeX\tex/generic/pgf/basiclayer\pgfcoretransparency.code.tex
File: pgfcoretransparency.code.tex 2023-01-15 v3.1.10 (3.1.10)
) (C:\Users\PC\AppData\Local\Programs\MiKTeX\tex/generic/pgf/basiclayer\pgfcorepatterns.code.tex
File: pgfcorepatterns.code.tex 2023-01-15 v3.1.10 (3.1.10)
) (C:\Users\PC\AppData\Local\Programs\MiKTeX\tex/generic/pgf/basiclayer\pgfcorerdf.code.tex
File: pgfcorerdf.code.tex 2023-01-15 v3.1.10 (3.1.10)
))) (C:\Users\PC\AppData\Local\Programs\MiKTeX\tex/generic/pgf/modules\pgfmoduleshapes.code.tex
File: pgfmoduleshapes.code.tex 2023-01-15 v3.1.10 (3.1.10)
\pgfnodeparttextbox=\box145
) (C:\Users\PC\AppData\Local\Programs\MiKTeX\tex/generic/pgf/modules\pgfmoduleplot.code.tex
File: pgfmoduleplot.code.tex 2023-01-15 v3.1.10 (3.1.10)
) (C:\Users\PC\AppData\Local\Programs\MiKTeX\tex/latex/pgf/compatibility\pgfcomp-version-0-65.sty
Package: pgfcomp-version-0-65 2023-01-15 v3.1.10 (3.1.10)
\pgf@nodesepstart=\dimen354
\pgf@nodesepend=\dimen355
) (C:\Users\PC\AppData\Local\Programs\MiKTeX\tex/latex/pgf/compatibility\pgfcomp-version-1-18.sty
Package: pgfcomp-version-1-18 2023-01-15 v3.1.10 (3.1.10)
)) (C:\Users\PC\AppData\Local\Programs\MiKTeX\tex/latex/pgf/utilities\pgffor.sty (C:\Users\PC\AppData\Local\Programs\MiKTeX\tex/latex/pgf/utilities\pgfkeys.sty (C:\Users\PC\AppData\Local\Programs\MiKTeX\tex/generic/pgf/utilities\pgfkeys.code.tex)) (C:\Users\PC\AppData\Local\Programs\MiKTeX\tex/latex/pgf/math\pgfmath.sty (C:\Users\PC\AppData\Local\Programs\MiKTeX\tex/generic/pgf/math\pgfmath.code.tex)) (C:\Users\PC\AppData\Local\Programs\MiKTeX\tex/generic/pgf/utilities\pgffor.code.tex
Package: pgffor 2023-01-15 v3.1.10 (3.1.10)
\pgffor@iter=\dimen356
\pgffor@skip=\dimen357
\pgffor@stack=\toks49
\pgffor@toks=\toks50
)) (C:\Users\PC\AppData\Local\Programs\MiKTeX\tex/generic/pgf/frontendlayer/tikz\tikz.code.tex
Package: tikz 2023-01-15 v3.1.10 (3.1.10)
 (C:\Users\PC\AppData\Local\Programs\MiKTeX\tex/generic/pgf/libraries\pgflibraryplothandlers.code.tex
File: pgflibraryplothandlers.code.tex 2023-01-15 v3.1.10 (3.1.10)
\pgf@plot@mark@count=\count499
\pgfplotmarksize=\dimen358
)
\tikz@lastx=\dimen359
\tikz@lasty=\dimen360
\tikz@lastxsaved=\dimen361
\tikz@lastysaved=\dimen362
\tikz@lastmovetox=\dimen363
\tikz@lastmovetoy=\dimen364
\tikzleveldistance=\dimen365
\tikzsiblingdistance=\dimen366
\tikz@figbox=\box146
\tikz@figbox@bg=\box147
\tikz@tempbox=\box148
\tikz@tempbox@bg=\box149
\tikztreelevel=\count500
\tikznumberofchildren=\count501
\tikznumberofcurrentchild=\count502
\tikz@fig@count=\count503
 (C:\Users\PC\AppData\Local\Programs\MiKTeX\tex/generic/pgf/modules\pgfmodulematrix.code.tex
File: pgfmodulematrix.code.tex 2023-01-15 v3.1.10 (3.1.10)
\pgfmatrixcurrentrow=\count504
\pgfmatrixcurrentcolumn=\count505
\pgf@matrix@numberofcolumns=\count506
)
\tikz@expandcount=\count507
 (C:\Users\PC\AppData\Local\Programs\MiKTeX\tex/generic/pgf/frontendlayer/tikz/libraries\tikzlibrarytopaths.code.tex
File: tikzlibrarytopaths.code.tex 2023-01-15 v3.1.10 (3.1.10)
))) (C:\Users\PC\AppData\Local\Programs\MiKTeX\tex/latex/mdframed\md-frame-1.mdf
File: md-frame-1.mdf 2013/07/01\ 1.9b: md-frame-1
)
\mdf@frametitlebox=\box150
\mdf@footnotebox=\box151
\mdf@splitbox@one=\box152
\mdf@splitbox@two=\box153
\mdf@splitbox@save=\box154
\mdfsplitboxwidth=\skip143
\mdfsplitboxtotalwidth=\skip144
\mdfsplitboxheight=\skip145
\mdfsplitboxdepth=\skip146
\mdfsplitboxtotalheight=\skip147
\mdfframetitleboxwidth=\skip148
\mdfframetitleboxtotalwidth=\skip149
\mdfframetitleboxheight=\skip150
\mdfframetitleboxdepth=\skip151
\mdfframetitleboxtotalheight=\skip152
\mdffootnoteboxwidth=\skip153
\mdffootnoteboxtotalwidth=\skip154
\mdffootnoteboxheight=\skip155
\mdffootnoteboxdepth=\skip156
\mdffootnoteboxtotalheight=\skip157
\mdftotallinewidth=\skip158
\mdfboundingboxwidth=\skip159
\mdfboundingboxtotalwidth=\skip160
\mdfboundingboxheight=\skip161
\mdfboundingboxdepth=\skip162
\mdfboundingboxtotalheight=\skip163
\mdf@freevspace@length=\skip164
\mdf@horizontalwidthofbox@length=\skip165
\mdf@verticalmarginwhole@length=\skip166
\mdf@horizontalspaceofbox=\skip167
\mdfsubtitleheight=\skip168
\mdfsubsubtitleheight=\skip169
\c@mdfcountframes=\count508

****** mdframed patching \endmdf@trivlist

****** -- success******

\mdf@envdepth=\count509
\c@mdf@env@i=\count510
\c@mdf@env@ii=\count511
\c@mdf@zref@counter=\count512
Package zref Info: New property: mdf@pagevalue on input line 895.
) (C:\Users\PC\AppData\Local\Programs\MiKTeX\tex/latex/caption\caption.sty
Package: caption 2023/08/05 v3.6o Customizing captions (AR)
 (C:\Users\PC\AppData\Local\Programs\MiKTeX\tex/latex/caption\caption3.sty
Package: caption3 2023/07/31 v2.4d caption3 kernel (AR)
\caption@tempdima=\dimen367
\captionmargin=\dimen368
\caption@leftmargin=\dimen369
\caption@rightmargin=\dimen370
\caption@width=\dimen371
\caption@indent=\dimen372
\caption@parindent=\dimen373
\caption@hangindent=\dimen374
Package caption Info: Standard document class detected.
)
\c@caption@flags=\count513
\c@continuedfloat=\count514
Package caption Info: longtable package is loaded.
 (C:\Users\PC\AppData\Local\Programs\MiKTeX\tex/latex/caption\ltcaption.sty
Package: ltcaption 2021/01/08 v1.4c longtable captions (AR)
)) (C:\Users\PC\AppData\Local\Programs\MiKTeX\tex/latex/caption\subcaption.sty
Package: subcaption 2023/07/28 v1.6b Sub-captions (AR)
Package caption Info: New subtype `subfigure' on input line 238.
\c@subfigure=\count515
Package caption Info: New subtype `subtable' on input line 238.
\c@subtable=\count516
) (C:\Users\PC\AppData\Local\Programs\MiKTeX\tex/latex/float\float.sty
Package: float 2001/11/08 v1.3d Float enhancements (AL)
\c@float@type=\count517
\float@exts=\toks51
\float@box=\box155
\@float@everytoks=\toks52
\@floatcapt=\box156
) (C:\Users\PC\AppData\Local\Programs\MiKTeX\tex/latex/lastpage\lastpage.sty
Package: lastpage 2025/08/14 v2.1h lastpage: 2.09 or 2e? (HMM)
 (C:\Users\PC\AppData\Local\Programs\MiKTeX\tex/latex/lastpage\lastpage2e.sty
Package: lastpage2e 2025/08/14 v2.1h Decide which 2e lastpage version to use (HMM)
 (C:\Users\PC\AppData\Local\Programs\MiKTeX\tex/latex/lastpage\lastpageclassic.sty
Package: lastpageclassic 2025/08/14 v2.1h Refers to last page's name (HMM; JPG)
) 
)) (C:\Users\PC\AppData\Local\Programs\MiKTeX\tex/latex/algorithm2e\algorithm2e.sty
Package: algorithm2e 2017/07/18 v5.2 algorithms environments
\c@AlgoLine=\count518
\algocf@hangindent=\skip170
 (C:\Users\PC\AppData\Local\Programs\MiKTeX\tex/latex/ifoddpage\ifoddpage.sty
Package: ifoddpage 2022/10/18 v1.2 Conditionals for odd/even page detection
\c@checkoddpage=\count519
) (C:\Users\PC\AppData\Local\Programs\MiKTeX\tex/latex/tools\xspace.sty
Package: xspace 2014/10/28 v1.13 Space after command names (DPC,MH)
) (C:\Users\PC\AppData\Local\Programs\MiKTeX\tex/latex/relsize\relsize.sty
Package: relsize 2013/03/29 ver 4.1
)
\skiptotal=\skip171
\skiplinenumber=\skip172
\skiprule=\skip173
\skiphlne=\skip174
\skiptext=\skip175
\skiplength=\skip176
\algomargin=\skip177
\skipalgocfslide=\skip178
\algowidth=\dimen375
\inoutsize=\dimen376
\inoutindent=\dimen377
\interspacetitleruled=\dimen378
\interspacealgoruled=\dimen379
\interspacetitleboxruled=\dimen380
\algocf@ruledwidth=\skip179
\algocf@inoutbox=\box157
\algocf@inputbox=\box158
\AlCapSkip=\skip180
\AlCapHSkip=\skip181
\algoskipindent=\skip182
\algocf@nlbox=\box159
\algocf@hangingbox=\box160
\algocf@untilbox=\box161
\algocf@skipuntil=\skip183
\algocf@capbox=\box162
\algocf@lcaptionbox=\skip184
\algoheightruledefault=\skip185
\algoheightrule=\skip186
\algotitleheightruledefault=\skip187
\algotitleheightrule=\skip188
\c@algocfline=\count520
\c@algocfproc=\count521
\c@algocf=\count522
\algocf@algoframe=\box163
\algocf@algobox=\box164
) (C:\Users\PC\AppData\Local\Programs\MiKTeX\tex/latex/tools\enumerate.sty
Package: enumerate 2023/07/04 v3.00 enumerate extensions (DPC)
\@enLab=\toks53
) (C:\Users\PC\AppData\Local\Programs\MiKTeX\tex/latex/multirow\multirow.sty
Package: multirow 2024/11/12 v2.9 Span multiple rows of a table
\multirow@colwidth=\skip189
\multirow@cntb=\count523
\multirow@dima=\skip190
\bigstrutjot=\dimen381
) (C:\Users\PC\AppData\Local\Programs\MiKTeX\tex/latex/enumitem\enumitem.sty
Package: enumitem 2025/02/06 v3.11 Customized lists
\labelindent=\skip191
\enit@outerparindent=\dimen382
\enit@toks=\toks54
\enit@inbox=\box165
\enit@count@id=\count524
\enitdp@description=\count525
) (C:\Users\PC\AppData\Local\Programs\MiKTeX\tex/latex/graphics\rotating.sty
Package: rotating 2016/08/11 v2.16d rotated objects in LaTeX
\c@r@tfl@t=\count526
\rotFPtop=\skip192
\rotFPbot=\skip193
\rot@float@box=\box166
\rot@mess@toks=\toks55
) (C:\Users\PC\AppData\Local\Programs\MiKTeX\tex/latex/geometry\geometry.sty
Package: geometry 2020/01/02 v5.9 Page Geometry
 (C:\Users\PC\AppData\Local\Programs\MiKTeX\tex/generic/iftex\ifvtex.sty
Package: ifvtex 2019/10/25 v1.7 ifvtex legacy package. Use iftex instead.
)
\Gm@cnth=\count527
\Gm@cntv=\count528
\c@Gm@tempcnt=\count529
\Gm@bindingoffset=\dimen383
\Gm@wd@mp=\dimen384
\Gm@odd@mp=\dimen385
\Gm@even@mp=\dimen386
\Gm@layoutwidth=\dimen387
\Gm@layoutheight=\dimen388
\Gm@layouthoffset=\dimen389
\Gm@layoutvoffset=\dimen390
\Gm@dimlist=\toks56
 (C:\Users\PC\AppData\Local\Programs\MiKTeX\tex/latex/geometry\geometry.cfg)) (C:\Users\PC\AppData\Local\Programs\MiKTeX\tex/latex/setspace\setspace.sty
Package: setspace 2022/12/04 v6.7b set line spacing
) (C:\Users\PC\AppData\Local\Programs\MiKTeX\tex/latex/titlesec\titlesec.sty
Package: titlesec 2025/01/04 v2.17 Sectioning titles
\ttl@box=\box167
\beforetitleunit=\skip194
\aftertitleunit=\skip195
\ttl@plus=\dimen391
\ttl@minus=\dimen392
\ttl@toksa=\toks57
\titlewidth=\dimen393
\titlewidthlast=\dimen394
\titlewidthfirst=\dimen395
) (C:\Users\PC\AppData\Local\Programs\MiKTeX\tex/latex/ragged2e\ragged2e.sty
Package: ragged2e 2023/06/22 v3.6 ragged2e Package
\CenteringLeftskip=\skip196
\RaggedLeftLeftskip=\skip197
\RaggedRightLeftskip=\skip198
\CenteringRightskip=\skip199
\RaggedLeftRightskip=\skip256
\RaggedRightRightskip=\skip257
\CenteringParfillskip=\skip258
\RaggedLeftParfillskip=\skip259
\RaggedRightParfillskip=\skip260
\JustifyingParfillskip=\skip261
\CenteringParindent=\skip262
\RaggedLeftParindent=\skip263
\RaggedRightParindent=\skip264
\JustifyingParindent=\skip265
) (C:\Users\PC\AppData\Local\Programs\MiKTeX\tex/latex/makecell\makecell.sty
Package: makecell 2009/08/03 V0.1e Managing of Tab Column Heads and Cells
\rotheadsize=\dimen396
\c@nlinenum=\count530
\TeXr@lab=\toks58
) (C:\Users\PC\AppData\Local\Programs\MiKTeX\tex/latex/pdflscape\pdflscape.sty
Package: pdflscape 2022-10-27 v0.13 Display of landscape pages in PDF
 (C:\Users\PC\AppData\Local\Programs\MiKTeX\tex/latex/pdflscape\pdflscape-nometadata.sty
Package: pdflscape-nometadata 2022-10-28 v0.13 Display of landscape pages in PDF (HO)
 (C:\Users\PC\AppData\Local\Programs\MiKTeX\tex/latex/graphics\lscape.sty
Package: lscape 2020/05/28 v3.02 Landscape Pages (DPC)
)
Package pdflscape Info: Auto-detected driver: pdftex on input line 81.
)) (C:\Users\PC\AppData\Local\Programs\MiKTeX\tex/generic/pgf/frontendlayer/tikz/libraries\tikzlibraryarrows.code.tex
File: tikzlibraryarrows.code.tex 2023-01-15 v3.1.10 (3.1.10)
 (C:\Users\PC\AppData\Local\Programs\MiKTeX\tex/generic/pgf/libraries\pgflibraryarrows.code.tex
File: pgflibraryarrows.code.tex 2023-01-15 v3.1.10 (3.1.10)
\arrowsize=\dimen397
)) (C:\Users\PC\AppData\Local\Programs\MiKTeX\tex/generic/pgf/frontendlayer/tikz/libraries\tikzlibrarysnakes.code.tex
File: tikzlibrarysnakes.code.tex 2023-01-15 v3.1.10 (3.1.10)


Package pgf Warning: Snakes have been superseded by decorations. Please use the decoration libraries instead of the snakes library on input line 14.

(C:\Users\PC\AppData\Local\Programs\MiKTeX\tex/generic/pgf/frontendlayer/tikz/libraries\tikzlibrarydecorations.pathmorphing.code.tex (C:\Users\PC\AppData\Local\Programs\MiKTeX\tex/generic/pgf/frontendlayer/tikz/libraries\tikzlibrarydecorations.code.tex (C:\Users\PC\AppData\Local\Programs\MiKTeX\tex/generic/pgf/modules\pgfmoduledecorations.code.tex
\pgfdecoratedcompleteddistance=\dimen398
\pgfdecoratedremainingdistance=\dimen399
\pgfdecoratedinputsegmentcompleteddistance=\dimen400
\pgfdecoratedinputsegmentremainingdistance=\dimen401
\pgf@decorate@distancetomove=\dimen402
\pgf@decorate@repeatstate=\count531
\pgfdecorationsegmentamplitude=\dimen403
\pgfdecorationsegmentlength=\dimen404
)
\tikz@lib@dec@box=\box168
) (C:\Users\PC\AppData\Local\Programs\MiKTeX\tex/generic/pgf/libraries/decorations\pgflibrarydecorations.pathmorphing.code.tex)) (C:\Users\PC\AppData\Local\Programs\MiKTeX\tex/generic/pgf/frontendlayer/tikz/libraries\tikzlibrarydecorations.pathreplacing.code.tex (C:\Users\PC\AppData\Local\Programs\MiKTeX\tex/generic/pgf/libraries/decorations\pgflibrarydecorations.pathreplacing.code.tex)) (C:\Users\PC\AppData\Local\Programs\MiKTeX\tex/generic/pgf/frontendlayer/tikz/libraries\tikzlibrarydecorations.shapes.code.tex (C:\Users\PC\AppData\Local\Programs\MiKTeX\tex/generic/pgf/libraries/decorations\pgflibrarydecorations.shapes.code.tex))) (C:\Users\PC\AppData\Local\Programs\MiKTeX\tex/generic/pgf/frontendlayer/tikz/libraries\tikzlibrarybackgrounds.code.tex
File: tikzlibrarybackgrounds.code.tex 2023-01-15 v3.1.10 (3.1.10)
\pgf@layerbox@background=\box169
\pgf@layerboxsaved@background=\box170
) (C:\Users\PC\AppData\Local\Programs\MiKTeX\tex/generic/pgf/frontendlayer/tikz/libraries\tikzlibrarycalc.code.tex
File: tikzlibrarycalc.code.tex 2023-01-15 v3.1.10 (3.1.10)
) (C:\Users\PC\AppData\Local\Programs\MiKTeX\tex/latex/hyperref\hyperref.sty
Package: hyperref 2023-11-26 v7.01g Hypertext links for LaTeX
 (C:\Users\PC\AppData\Local\Programs\MiKTeX\tex/generic/pdfescape\pdfescape.sty
Package: pdfescape 2019/12/09 v1.15 Implements pdfTeX's escape features (HO)
) (C:\Users\PC\AppData\Local\Programs\MiKTeX\tex/latex/hycolor\hycolor.sty
Package: hycolor 2020-01-27 v1.10 Color options for hyperref/bookmark (HO)
) (C:\Users\PC\AppData\Local\Programs\MiKTeX\tex/latex/letltxmacro\letltxmacro.sty
Package: letltxmacro 2019/12/03 v1.6 Let assignment for LaTeX macros (HO)
) (C:\Users\PC\AppData\Local\Programs\MiKTeX\tex/latex/hyperref\nameref.sty
Package: nameref 2023-11-26 v2.56 Cross-referencing by name of section
 (C:\Users\PC\AppData\Local\Programs\MiKTeX\tex/latex/refcount\refcount.sty
Package: refcount 2019/12/15 v3.6 Data extraction from label references (HO)
) (C:\Users\PC\AppData\Local\Programs\MiKTeX\tex/generic/gettitlestring\gettitlestring.sty
Package: gettitlestring 2019/12/15 v1.6 Cleanup title references (HO)
)
\c@section@level=\count532
)
\@linkdim=\dimen405
\Hy@linkcounter=\count533
\Hy@pagecounter=\count534
 (C:\Users\PC\AppData\Local\Programs\MiKTeX\tex/latex/hyperref\pd1enc.def
File: pd1enc.def 2023-11-26 v7.01g Hyperref: PDFDocEncoding definition (HO)
Now handling font encoding PD1 ...
... no UTF-8 mapping file for font encoding PD1
) (C:\Users\PC\AppData\Local\Programs\MiKTeX\tex/generic/intcalc\intcalc.sty
Package: intcalc 2019/12/15 v1.3 Expandable calculations with integers (HO)
)
\Hy@SavedSpaceFactor=\count535
 (C:\Users\PC\AppData\Local\Programs\MiKTeX\tex/latex/hyperref\puenc.def
File: puenc.def 2023-11-26 v7.01g Hyperref: PDF Unicode definition (HO)
Now handling font encoding PU ...
... no UTF-8 mapping file for font encoding PU
)
Package hyperref Info: Hyper figures OFF on input line 4181.
Package hyperref Info: Link nesting OFF on input line 4186.
Package hyperref Info: Hyper index ON on input line 4189.
Package hyperref Info: Plain pages OFF on input line 4196.
Package hyperref Info: Backreferencing OFF on input line 4201.
Package hyperref Info: Implicit mode ON; LaTeX internals redefined.
Package hyperref Info: Bookmarks ON on input line 4448.
\c@Hy@tempcnt=\count536
LaTeX Info: Redefining \url on input line 4786.
\XeTeXLinkMargin=\dimen406
 (C:\Users\PC\AppData\Local\Programs\MiKTeX\tex/generic/bitset\bitset.sty
Package: bitset 2019/12/09 v1.3 Handle bit-vector datatype (HO)
 (C:\Users\PC\AppData\Local\Programs\MiKTeX\tex/generic/bigintcalc\bigintcalc.sty
Package: bigintcalc 2019/12/15 v1.5 Expandable calculations on big integers (HO)
))
\Fld@menulength=\count537
\Field@Width=\dimen407
\Fld@charsize=\dimen408
Package hyperref Info: Hyper figures OFF on input line 6065.
Package hyperref Info: Link nesting OFF on input line 6070.
Package hyperref Info: Hyper index ON on input line 6073.
Package hyperref Info: backreferencing OFF on input line 6080.
Package hyperref Info: Link coloring OFF on input line 6085.
Package hyperref Info: Link coloring with OCG OFF on input line 6090.
Package hyperref Info: PDF/A mode OFF on input line 6095.
 (C:\Users\PC\AppData\Local\Programs\MiKTeX\tex/latex/base\atbegshi-ltx.sty
Package: atbegshi-ltx 2021/01/10 v1.0c Emulation of the original atbegshi
package with kernel methods
)
\Hy@abspage=\count538
\c@Item=\count539
\c@Hfootnote=\count540
)
Package hyperref Info: Driver (autodetected): hpdftex.
 (C:\Users\PC\AppData\Local\Programs\MiKTeX\tex/latex/hyperref\hpdftex.def
File: hpdftex.def 2023-11-26 v7.01g Hyperref driver for pdfTeX
 (C:\Users\PC\AppData\Local\Programs\MiKTeX\tex/latex/base\atveryend-ltx.sty
Package: atveryend-ltx 2020/08/19 v1.0a Emulation of the original atveryend package
with kernel methods
)
\HyAnn@Count=\count541
\Fld@listcount=\count542
\c@bookmark@seq@number=\count543
 (C:\Users\PC\AppData\Local\Programs\MiKTeX\tex/latex/rerunfilecheck\rerunfilecheck.sty
Package: rerunfilecheck 2025-06-21 v1.11 Rerun checks for auxiliary files (HO)
 (C:\Users\PC\AppData\Local\Programs\MiKTeX\tex/generic/uniquecounter\uniquecounter.sty
Package: uniquecounter 2019/12/15 v1.4 Provide unlimited unique counter (HO)
)
Package uniquecounter Info: New unique counter `rerunfilecheck' on input line 284.
)
\Hy@SectionHShift=\skip266
)
Package hyperref Info: Option `colorlinks' set `true' on input line 99.
 (C:\Users\PC\AppData\Local\Programs\MiKTeX\tex/latex/listings\listings.sty
\lst@mode=\count544
\lst@gtempboxa=\box171
\lst@token=\toks59
\lst@length=\count545
\lst@currlwidth=\dimen409
\lst@column=\count546
\lst@pos=\count547
\lst@lostspace=\dimen410
\lst@width=\dimen411
\lst@newlines=\count548
\lst@lineno=\count549
\lst@maxwidth=\dimen412
 (C:\Users\PC\AppData\Local\Programs\MiKTeX\tex/latex/listings\lstmisc.sty
File: lstmisc.sty 2023/02/27 1.9 (Carsten Heinz)
\c@lstnumber=\count550
\lst@skipnumbers=\count551
\lst@framebox=\box172
) (C:\Users\PC\AppData\Local\Programs\MiKTeX\tex/latex/listings\listings.cfg
File: listings.cfg 2023/02/27 1.9 listings configuration
))
Package: listings 2023/02/27 1.9 (Carsten Heinz)
 (C:\Users\PC\AppData\Local\Programs\MiKTeX\tex/latex/ulem\ulem.sty
\UL@box=\box173
\UL@hyphenbox=\box174
\UL@skip=\skip267
\UL@hook=\toks60
\UL@height=\dimen413
\UL@pe=\count552
\UL@pixel=\dimen414
\ULC@box=\box175
Package: ulem 2019/11/18
\ULdepth=\dimen415
)
\c@theorem=\count553
\c@property=\count554
\c@proposition=\count555
\c@exer=\count556
 (C:\Users\PC\AppData\Local\Programs\MiKTeX\tex/latex/listings\lstlang1.sty
File: lstlang1.sty 2023/02/27 1.9 listings language file
) (C:\Users\PC\AppData\Local\Programs\MiKTeX\tex/latex/listings\lstlang2.sty
File: lstlang2.sty 2023/02/27 1.9 listings language file
) (C:\Users\PC\AppData\Local\Programs\MiKTeX\tex/latex/listings\lstlang3.sty
File: lstlang3.sty 2023/02/27 1.9 listings language file
)
\c@subsubsubsection=\count557
Package hyperref Info: Option `colorlinks' set `true' on input line 229.
Package csquotes Info: Checking for multilingual support...
Package csquotes Info: ... found 'babel' package.
Package csquotes Info: Adjusting default style.


Package csquotes Warning: No style for language 'vietnamese'.
(csquotes)                Using fallback style on input line 232.

Package csquotes Info: Redefining alias 'default' -> 'fallback'.
(main.aux)
\openout1 = `main.aux'.

LaTeX Font Info:    Checking defaults for OML/cmm/m/it on input line 232.
LaTeX Font Info:    ... okay on input line 232.
LaTeX Font Info:    Checking defaults for OMS/cmsy/m/n on input line 232.
LaTeX Font Info:    ... okay on input line 232.
LaTeX Font Info:    Checking defaults for OT1/cmr/m/n on input line 232.
LaTeX Font Info:    ... okay on input line 232.
LaTeX Font Info:    Checking defaults for T1/cmr/m/n on input line 232.
LaTeX Font Info:    ... okay on input line 232.
LaTeX Font Info:    Checking defaults for TS1/cmr/m/n on input line 232.
LaTeX Font Info:    ... okay on input line 232.
LaTeX Font Info:    Checking defaults for OMX/cmex/m/n on input line 232.
LaTeX Font Info:    ... okay on input line 232.
LaTeX Font Info:    Checking defaults for U/cmr/m/n on input line 232.
LaTeX Font Info:    ... okay on input line 232.
LaTeX Font Info:    Checking defaults for T5/cmr/m/n on input line 232.
LaTeX Font Info:    ... okay on input line 232.
LaTeX Font Info:    Checking defaults for PD1/pdf/m/n on input line 232.
LaTeX Font Info:    ... okay on input line 232.
LaTeX Font Info:    Checking defaults for PU/pdf/m/n on input line 232.
LaTeX Font Info:    ... okay on input line 232.
 (C:\Users\PC\AppData\Local\Programs\MiKTeX\tex/context/base/mkii\supp-pdf.mkii
[Loading MPS to PDF converter (version 2006.09.02).]
\scratchcounter=\count558
\scratchdimen=\dimen416
\scratchbox=\box176
\nofMPsegments=\count559
\nofMParguments=\count560
\everyMPshowfont=\toks61
\MPscratchCnt=\count561
\MPscratchDim=\dimen417
\MPnumerator=\count562
\makeMPintoPDFobject=\count563
\everyMPtoPDFconversion=\toks62
) (C:\Users\PC\AppData\Local\Programs\MiKTeX\tex/latex/epstopdf-pkg\epstopdf-base.sty
Package: epstopdf-base 2020-01-24 v2.11 Base part for package epstopdf
 (C:\Users\PC\AppData\Local\Programs\MiKTeX\tex/latex/grfext\grfext.sty
Package: grfext 2019/12/03 v1.3 Manage graphics extensions (HO)
)
Package epstopdf-base Info: Redefining graphics rule for `.eps' on input line 485.
Package grfext Info: Graphics extension search list:
(grfext)             [.pdf,.png,.jpg,.mps,.jpeg,.jbig2,.jb2,.PDF,.PNG,.JPG,.JPEG,.JBIG2,.JB2,.eps]
(grfext)             \AppendGraphicsExtensions on input line 504.
 (C:\Users\PC\AppData\Local\Programs\MiKTeX\tex/latex/00miktex\epstopdf-sys.cfg
File: epstopdf-sys.cfg 2021/03/18 v2.0 Configuration of epstopdf for MiKTeX
))

Package biblatex Warning: File 'vietnamese-apa.lbx' not found!
(biblatex)                Ignoring mapping 'vietnamese' -> 'vietnamese-apa'.

Package biblatex Info: Trying to load language 'vietnamese'...
Package biblatex Info: ... file 'vietnamese.lbx' not found.

Package biblatex Warning: Language 'vietnamese' not supported.
(biblatex)                Using dummy definitions on input line 232.

Package biblatex Info: Trying to load language 'american' -> 'american-apa'...
Package biblatex Info: ... file 'american-apa.lbx' found.
(C:\Users\PC\AppData\Local\Programs\MiKTeX\tex/latex/biblatex-apa\american-apa.lbx
File: american-apa.lbx 2025/08/27 v9.20 APA biblatex localisation
Package biblatex Info: Trying to load language 'american'...
Package biblatex Info: ... file 'american.lbx' found.
 (C:\Users\PC\AppData\Local\Programs\MiKTeX\tex/latex/biblatex/lbx\american.lbx
File: american.lbx 2023/03/05 v3.19 biblatex localization (PK/MW)
Package biblatex Info: Trying to load language 'english' -> 'english-apa'...
Package biblatex Info: ... file 'english-apa.lbx' found.
 (C:\Users\PC\AppData\Local\Programs\MiKTeX\tex/latex/biblatex-apa\english-apa.lbx
File: english-apa.lbx 2025/08/27 v9.20 APA biblatex localisation
Package biblatex Info: Trying to load language 'english'...
Package biblatex Info: ... file 'english.lbx' found.
 (C:\Users\PC\AppData\Local\Programs\MiKTeX\tex/latex/biblatex/lbx\english.lbx
File: english.lbx 2023/03/05 v3.19 biblatex localization (PK/MW)
)))
Package biblatex Info: Trying to load language 'american'...
Package biblatex Info: ... file 'american.lbx' found.
 (C:\Users\PC\AppData\Local\Programs\MiKTeX\tex/latex/biblatex/lbx\american.lbx
File: american.lbx 2023/03/05 v3.19 biblatex localization (PK/MW)
Package biblatex Info: Trying to load language 'english' -> 'english-apa'...
Package biblatex Info: ... file 'english-apa.lbx' found.
 (C:\Users\PC\AppData\Local\Programs\MiKTeX\tex/latex/biblatex-apa\english-apa.lbx
File: english-apa.lbx 2025/08/27 v9.20 APA biblatex localisation
Package biblatex Info: Trying to load language 'american'...
Package biblatex Info: ... file 'american.lbx' found.
 (C:\Users\PC\AppData\Local\Programs\MiKTeX\tex/latex/biblatex/lbx\american.lbx
File: american.lbx 2023/03/05 v3.19 biblatex localization (PK/MW)
Package biblatex Info: Trying to load language 'english'...
Package biblatex Info: ... file 'english.lbx' found.
 (C:\Users\PC\AppData\Local\Programs\MiKTeX\tex/latex/biblatex/lbx\english.lbx
File: english.lbx 2023/03/05 v3.19 biblatex localization (PK/MW)
)))))
Package biblatex Info: Trying to load language 'english' -> 'english-apa'...
Package biblatex Info: ... file 'english-apa.lbx' found.
 (C:\Users\PC\AppData\Local\Programs\MiKTeX\tex/latex/biblatex-apa\english-apa.lbx
File: english-apa.lbx 2025/08/27 v9.20 APA biblatex localisation
Package biblatex Info: Trying to load language 'english'...
Package biblatex Info: ... file 'english.lbx' found.
 (C:\Users\PC\AppData\Local\Programs\MiKTeX\tex/latex/biblatex/lbx\english.lbx
File: english.lbx 2023/03/05 v3.19 biblatex localization (PK/MW)
)
Package biblatex Info: Trying to load language 'american' -> 'american-apa'...
Package biblatex Info: ... file 'american-apa.lbx' found.
 (C:\Users\PC\AppData\Local\Programs\MiKTeX\tex/latex/biblatex-apa\american-apa.lbx
File: american-apa.lbx 2025/08/27 v9.20 APA biblatex localisation
Package biblatex Info: Trying to load language 'american'...
Package biblatex Info: ... file 'american.lbx' found.
 (C:\Users\PC\AppData\Local\Programs\MiKTeX\tex/latex/biblatex/lbx\american.lbx
File: american.lbx 2023/03/05 v3.19 biblatex localization (PK/MW)
Package biblatex Info: Trying to load language 'english'...
Package biblatex Info: ... file 'english.lbx' found.
 (C:\Users\PC\AppData\Local\Programs\MiKTeX\tex/latex/biblatex/lbx\english.lbx
File: english.lbx 2023/03/05 v3.19 biblatex localization (PK/MW)
))))
Package biblatex Info: Input encoding 'utf8' detected.
Package biblatex Info: Automatic encoding selection.
(biblatex)             Assuming data encoding 'utf8'.
\openout3 = `main.bcf'.

Package biblatex Info: Trying to load bibliographic data...
Package biblatex Info: ... file 'main.bbl' found.
 (main.bbl)
Package biblatex Info: Reference section=0 on input line 232.
Package biblatex Info: Reference segment=0 on input line 232.
Package caption Info: Begin \AtBeginDocument code.
Package caption Info: float package is loaded.
Package caption Info: hyperref package is loaded.
Package caption Info: listings package is loaded.
Package caption Info: rotating package is loaded.
Package caption Info: End \AtBeginDocument code.

*geometry* driver: auto-detecting
*geometry* detected driver: pdftex
*geometry* verbose mode - [ preamble ] result:
* driver: pdftex
* paper: a4paper
* layout: <same size as paper>
* layoutoffset:(h,v)=(0.0pt,0.0pt)
* modes: 
* h-part:(L,W,R)=(85.35826pt, 455.24408pt, 56.90553pt)
* v-part:(T,H,B)=(85.35826pt, 682.86613pt, 76.82245pt)
* \paperwidth=597.50787pt
* \paperheight=845.04684pt
* \textwidth=455.24408pt
* \textheight=682.86613pt
* \oddsidemargin=13.08827pt
* \evensidemargin=13.08827pt
* \topmargin=-51.91173pt
* \headheight=40.0pt
* \headsep=25.0pt
* \topskip=12.0pt
* \footskip=30.0pt
* \marginparwidth=54.2025pt
* \marginparsep=10.0pt
* \columnsep=10.0pt
* \skip\footins=10.8pt plus 4.0pt minus 2.0pt
* \hoffset=0.0pt
* \voffset=0.0pt
* \mag=1000
* \@twocolumnfalse
* \@twosidefalse
* \@mparswitchfalse
* \@reversemarginfalse
* (1in=72.27pt=25.4mm, 1cm=28.453pt)

Package hyperref Info: Link coloring ON on input line 232.
(main.out) (main.out)
\@outlinefile=\write5
\openout5 = `main.out'.

\c@lstlisting=\count564
<Images/hcmut.png, id=293, 514.3215pt x 491.9178pt>
File: Images/hcmut.png Graphic file (type png)
<use Images/hcmut.png>
Package pdftex.def Info: Images/hcmut.png  used on input line 259.
(pdftex.def)             Requested size: 142.26378pt x 136.0622pt.
LaTeX Font Info:    Calculating math sizes for size <15> on input line 283.


LaTeX Font Warning: Font shape `OT1/cmr/m/n' in size <15> not available
(Font)              size <14.4> substituted on input line 283.


LaTeX Font Warning: Font shape `OT1/cmr/m/n' in size <10.49995> not available
(Font)              size <10.95> substituted on input line 283.


LaTeX Font Warning: Font shape `OT1/cmr/m/n' in size <7.5> not available
(Font)              size <7> substituted on input line 283.


LaTeX Font Warning: Font shape `OML/cmm/m/it' in size <15> not available
(Font)              size <14.4> substituted on input line 283.


LaTeX Font Warning: Font shape `OML/cmm/m/it' in size <10.49995> not available
(Font)              size <10.95> substituted on input line 283.


LaTeX Font Warning: Font shape `OML/cmm/m/it' in size <7.5> not available
(Font)              size <7> substituted on input line 283.


LaTeX Font Warning: Font shape `OMS/cmsy/m/n' in size <15> not available
(Font)              size <14.4> substituted on input line 283.


LaTeX Font Warning: Font shape `OMS/cmsy/m/n' in size <10.49995> not available
(Font)              size <10.95> substituted on input line 283.


LaTeX Font Warning: Font shape `OMS/cmsy/m/n' in size <7.5> not available
(Font)              size <7> substituted on input line 283.

LaTeX Font Info:    Trying to load font information for U+msa on input line 283.
(C:\Users\PC\AppData\Local\Programs\MiKTeX\tex/latex/amsfonts\umsa.fd
File: umsa.fd 2013/01/14 v3.01 AMS symbols A
)
LaTeX Font Info:    Trying to load font information for U+msb on input line 283.
 (C:\Users\PC\AppData\Local\Programs\MiKTeX\tex/latex/amsfonts\umsb.fd
File: umsb.fd 2013/01/14 v3.01 AMS symbols B
)
LaTeX Font Info:    Trying to load font information for U+lasy on input line 283.
 (C:\Users\PC\AppData\Local\Programs\MiKTeX\tex/latex/base\ulasy.fd
File: ulasy.fd 1998/08/17 v2.2e LaTeX symbol font definitions
)

LaTeX Font Warning: Font shape `U/lasy/m/n' in size <15> not available
(Font)              size <14.4> substituted on input line 283.


LaTeX Font Warning: Font shape `U/lasy/m/n' in size <10.49995> not available
(Font)              size <10.95> substituted on input line 283.


LaTeX Font Warning: Font shape `U/lasy/m/n' in size <7.5> not available
(Font)              size <7> substituted on input line 283.


Overfull \hbox (9.18336pt too wide) in paragraph at lines 283--295
 [] 
 []

[1

{C:/Users/PC/AppData/Local/MiKTeX/fonts/map/pdftex/pdftex.map} <./Images/hcmut.png>]
File: Images/hcmut.png Graphic file (type png)
<use Images/hcmut.png>
Package pdftex.def Info: Images/hcmut.png  used on input line 328.
(pdftex.def)             Requested size: 34.13838pt x 34.13751pt.

pdfTeX warning (ext4): destination with the same identifier (name{page.1}) has been already used, duplicate ignored
<to be read again> 
                   \relax 
l.328 \newpage
               [1]
File: Images/hcmut.png Graphic file (type png)
<use Images/hcmut.png>
Package pdftex.def Info: Images/hcmut.png  used on input line 338.
(pdftex.def)             Requested size: 34.13838pt x 34.13751pt.
 [2]
File: Images/hcmut.png Graphic file (type png)
<use Images/hcmut.png>
Package pdftex.def Info: Images/hcmut.png  used on input line 343.
(pdftex.def)             Requested size: 34.13838pt x 34.13751pt.
 [3] (main.toc
File: Images/hcmut.png Graphic file (type png)
<use Images/hcmut.png>
Package pdftex.def Info: Images/hcmut.png  used on input line 31.
(pdftex.def)             Requested size: 34.13838pt x 34.13751pt.
 [4]
File: Images/hcmut.png Graphic file (type png)
<use Images/hcmut.png>
Package pdftex.def Info: Images/hcmut.png  used on input line 68.
(pdftex.def)             Requested size: 34.13838pt x 34.13751pt.
 [5])
\tf@toc=\write6
\openout6 = `main.toc'.

File: Images/hcmut.png Graphic file (type png)
<use Images/hcmut.png>
Package pdftex.def Info: Images/hcmut.png  used on input line 349.
(pdftex.def)             Requested size: 34.13838pt x 34.13751pt.
 [6] (main.lof)
\tf@lof=\write7
\openout7 = `main.lof'.

File: Images/hcmut.png Graphic file (type png)
<use Images/hcmut.png>
Package pdftex.def Info: Images/hcmut.png  used on input line 355.
(pdftex.def)             Requested size: 34.13838pt x 34.13751pt.
 [7] (main.lot)
\tf@lot=\write8
\openout8 = `main.lot'.

File: Images/hcmut.png Graphic file (type png)
<use Images/hcmut.png>
Package pdftex.def Info: Images/hcmut.png  used on input line 361.
(pdftex.def)             Requested size: 34.13838pt x 34.13751pt.
 [8] (Sections/1. Introduction/introduction.tex
File: Images/hcmut.png Graphic file (type png)
<use Images/hcmut.png>
Package pdftex.def Info: Images/hcmut.png  used on input line 12.
(pdftex.def)             Requested size: 34.13838pt x 34.13751pt.
 [9]
File: Images/hcmut.png Graphic file (type png)
<use Images/hcmut.png>
Package pdftex.def Info: Images/hcmut.png  used on input line 27.
(pdftex.def)             Requested size: 34.13838pt x 34.13751pt.
 [10]
File: Images/hcmut.png Graphic file (type png)
<use Images/hcmut.png>
Package pdftex.def Info: Images/hcmut.png  used on input line 52.
(pdftex.def)             Requested size: 34.13838pt x 34.13751pt.
 [11]
File: Images/hcmut.png Graphic file (type png)
<use Images/hcmut.png>
Package pdftex.def Info: Images/hcmut.png  used on input line 66.
(pdftex.def)             Requested size: 34.13838pt x 34.13751pt.
 [12])
File: Images/hcmut.png Graphic file (type png)
<use Images/hcmut.png>
Package pdftex.def Info: Images/hcmut.png  used on input line 366.
(pdftex.def)             Requested size: 34.13838pt x 34.13751pt.
 [13] (Sections/2. Background Knowledge/background knowledge.tex
File: Images/hcmut.png Graphic file (type png)
<use Images/hcmut.png>
Package pdftex.def Info: Images/hcmut.png  used on input line 21.
(pdftex.def)             Requested size: 34.13838pt x 34.13751pt.
 [14]
File: Images/hcmut.png Graphic file (type png)
<use Images/hcmut.png>
Package pdftex.def Info: Images/hcmut.png  used on input line 41.
(pdftex.def)             Requested size: 34.13838pt x 34.13751pt.
 [15]
File: Images/hcmut.png Graphic file (type png)
<use Images/hcmut.png>
Package pdftex.def Info: Images/hcmut.png  used on input line 56.
(pdftex.def)             Requested size: 34.13838pt x 34.13751pt.
 [16]
<Images/2-knowledge/customer-journey.png, id=521, 1003.75pt x 670.505pt>
File: Images/2-knowledge/customer-journey.png Graphic file (type png)
<use Images/2-knowledge/customer-journey.png>
Package pdftex.def Info: Images/2-knowledge/customer-journey.png  used on input line 62.
(pdftex.def)             Requested size: 369.88582pt x 247.09055pt.
File: Images/hcmut.png Graphic file (type png)
<use Images/hcmut.png>
Package pdftex.def Info: Images/hcmut.png  used on input line 73.
(pdftex.def)             Requested size: 34.13838pt x 34.13751pt.
 [17 <./Images/2-knowledge/customer-journey.png>]
File: Images/hcmut.png Graphic file (type png)
<use Images/hcmut.png>
Package pdftex.def Info: Images/hcmut.png  used on input line 93.
(pdftex.def)             Requested size: 34.13838pt x 34.13751pt.
 [18]
File: Images/hcmut.png Graphic file (type png)
<use Images/hcmut.png>
Package pdftex.def Info: Images/hcmut.png  used on input line 112.
(pdftex.def)             Requested size: 34.13838pt x 34.13751pt.
 [19]
File: Images/hcmut.png Graphic file (type png)
<use Images/hcmut.png>
Package pdftex.def Info: Images/hcmut.png  used on input line 134.
(pdftex.def)             Requested size: 34.13838pt x 34.13751pt.
 [20])
File: Images/hcmut.png Graphic file (type png)
<use Images/hcmut.png>
Package pdftex.def Info: Images/hcmut.png  used on input line 372.
(pdftex.def)             Requested size: 34.13838pt x 34.13751pt.
 [21] (Sections/4. Related Works/related works.tex
File: Images/hcmut.png Graphic file (type png)
<use Images/hcmut.png>
Package pdftex.def Info: Images/hcmut.png  used on input line 16.
(pdftex.def)             Requested size: 34.13838pt x 34.13751pt.
 [22]
File: Images/hcmut.png Graphic file (type png)
<use Images/hcmut.png>
Package pdftex.def Info: Images/hcmut.png  used on input line 28.
(pdftex.def)             Requested size: 34.13838pt x 34.13751pt.
 [23]
File: Images/hcmut.png Graphic file (type png)
<use Images/hcmut.png>
Package pdftex.def Info: Images/hcmut.png  used on input line 48.
(pdftex.def)             Requested size: 34.13838pt x 34.13751pt.
 [24]
File: Images/hcmut.png Graphic file (type png)
<use Images/hcmut.png>
Package pdftex.def Info: Images/hcmut.png  used on input line 83.
(pdftex.def)             Requested size: 34.13838pt x 34.13751pt.
 [25]
File: Images/hcmut.png Graphic file (type png)
<use Images/hcmut.png>
Package pdftex.def Info: Images/hcmut.png  used on input line 119.
(pdftex.def)             Requested size: 34.13838pt x 34.13751pt.
 [26


]) (Sections/5. Requirements Elicitation/requirements elicitation.tex (Sections/5. Requirements Elicitation/1-system description.tex
<Images/5 H·ªá th·ªëng ƒë·ªÅ xu·∫•t/System Overview.png, id=595, 680.5425pt x 430.60875pt>
File: Images/5 H·ªá th·ªëng ƒë·ªÅ xu·∫•t/System Overview.png Graphic file (type png)
<use Images/5 H·ªá th·ªëng ƒë·ªÅ xu·∫•t/System Overview.png>
Package pdftex.def Info: Images/5 H·ªá th·ªëng ƒë·ªÅ xu·∫•t/System Overview.png  used on input line 18.
(pdftex.def)             Requested size: 409.71689pt x 259.24768pt.
File: Images/hcmut.png Graphic file (type png)
<use Images/hcmut.png>
Package pdftex.def Info: Images/hcmut.png  used on input line 32.
(pdftex.def)             Requested size: 34.13838pt x 34.13751pt.
 [27

 <./Images/5 H·ªá th·ªëng ƒë·ªÅ xu·∫•t/System Overview.png>]
File: Images/hcmut.png Graphic file (type png)
<use Images/hcmut.png>
Package pdftex.def Info: Images/hcmut.png  used on input line 55.
(pdftex.def)             Requested size: 34.13838pt x 34.13751pt.
 [28]
File: Images/hcmut.png Graphic file (type png)
<use Images/hcmut.png>
Package pdftex.def Info: Images/hcmut.png  used on input line 84.
(pdftex.def)             Requested size: 34.13838pt x 34.13751pt.
 [29])
File: Images/hcmut.png Graphic file (type png)
<use Images/hcmut.png>
Package pdftex.def Info: Images/hcmut.png  used on input line 9.
(pdftex.def)             Requested size: 34.13838pt x 34.13751pt.
 [30] (Sections/5. Requirements Elicitation/2-requirement function.tex
Overfull \hbox (3.93742pt too wide) in paragraph at lines 150--150
[]|\T5/cmr/bx/n/12 Stakeholder| 
 []


Overfull \hbox (49.23811pt too wide) in alignment at lines 146--152
 [] [] [] [] [] [] 
 []


Overfull \hbox (3.93742pt too wide) in paragraph at lines 154--154
[]|\T5/cmr/bx/n/12 Stakeholder| 
 []


Overfull \hbox (49.23811pt too wide) in alignment at lines 152--156
 [] [] [] [] [] [] 
 []


Overfull \hbox (49.23811pt too wide) in alignment at lines 156--159
 [] [] [] [] [] [] 
 []


Overfull \hbox (49.23811pt too wide) in alignment at lines 159--161
 [] [] [] [] [] [] 
 []


Underfull \hbox (badness 10000) in paragraph at lines 164--164
[]|\T5/cmr/m/n/12 Trung
 []


Underfull \hbox (badness 10000) in paragraph at lines 166--166
[]|\T5/cmr/m/n/12 Trung
 []


Underfull \hbox (badness 10000) in paragraph at lines 179--179
[]|\T5/cmr/m/n/12 Guest,
 []


Underfull \hbox (badness 10000) in paragraph at lines 179--179
\T5/cmr/m/n/12 Trav-eler,
 []


Underfull \hbox (badness 10000) in paragraph at lines 180--180
[]|\T5/cmr/m/n/12 Traveler,
 []


Underfull \hbox (badness 10000) in paragraph at lines 180--180
\T5/cmr/m/n/12 Guest,
 []


Underfull \hbox (badness 10000) in paragraph at lines 181--181
[]|\T5/cmr/m/n/12 Traveler,
 []


Underfull \hbox (badness 10000) in paragraph at lines 181--181
\T5/cmr/m/n/12 Guest,
 []


Underfull \hbox (badness 4492) in paragraph at lines 182--182
\T5/cmr/m/n/12 gÒi ˛ nÎi dung tr∂n trang
 []


Underfull \hbox (badness 10000) in paragraph at lines 182--182
[]|\T5/cmr/m/n/12 Traveler,
 []


Underfull \hbox (badness 10000) in paragraph at lines 182--182
\T5/cmr/m/n/12 Guest,
 []


Underfull \hbox (badness 10000) in paragraph at lines 183--183
[]|\T5/cmr/m/n/12 Traveler,
 []


Underfull \hbox (badness 10000) in paragraph at lines 183--183
\T5/cmr/m/n/12 Guest,
 []


Underfull \hbox (badness 2245) in paragraph at lines 193--193
\T5/cmr/m/n/12 dung (b†i vi∏t, re-view, bºnh
 []


Underfull \hbox (badness 10000) in paragraph at lines 194--194
[]|\T5/cmr/m/n/12 Trung
 []


Underfull \hbox (badness 10000) in paragraph at lines 205--205
[]|\T5/cmr/m/n/12 Trung
 []


Underfull \hbox (badness 10000) in paragraph at lines 205--206
[]|\T5/cmr/m/n/12 Trung
 []


Underfull \hbox (badness 10000) in paragraph at lines 209--209
[]|\T5/cmr/m/n/12 Trung
 []


Underfull \hbox (badness 10000) in paragraph at lines 209--210
[]|\T5/cmr/m/n/12 Trung
 []


Underfull \hbox (badness 1320) in paragraph at lines 214--214
[]|\T5/cmr/m/n/12 Ng˜Ìi dÚng ^^_´ng nh™p b¨ng
 []


Underfull \hbox (badness 7740) in paragraph at lines 214--214
\T5/cmr/m/n/12 Email/S^^^T ho∞c t†i kho£n
 []


Underfull \hbox (badness 10000) in paragraph at lines 214--214
[]|\T5/cmr/m/n/12 Traveler,
 []


Underfull \hbox (badness 10000) in paragraph at lines 214--214
\T5/cmr/m/n/12 Provider,
 []


Underfull \hbox (badness 10000) in paragraph at lines 215--215
[]|\T5/cmr/m/n/12 Traveler,
 []


Underfull \hbox (badness 10000) in paragraph at lines 215--215
\T5/cmr/m/n/12 Provider,
 []


Underfull \hbox (badness 10000) in paragraph at lines 216--216
[]|\T5/cmr/m/n/12 Traveler,
 []


Underfull \hbox (badness 10000) in paragraph at lines 216--216
\T5/cmr/m/n/12 Provider,
 []


Underfull \hbox (badness 10000) in paragraph at lines 217--217
[]|\T5/cmr/m/n/12 Traveler,
 []


Underfull \hbox (badness 10000) in paragraph at lines 217--217
\T5/cmr/m/n/12 Provider,
 []


Underfull \hbox (badness 10000) in paragraph at lines 218--218
[]|\T5/cmr/m/n/12 Traveler,
 []


Underfull \hbox (badness 10000) in paragraph at lines 218--218
\T5/cmr/m/n/12 Provider,
 []


Underfull \hbox (badness 1616) in paragraph at lines 219--219
\T5/cmr/m/n/12 tºm ki∏m, kh‚a/m kh‚a t†i
 []


Overfull \hbox (49.23811pt too wide) in alignment at lines 161--224
 [] [] [] [] [] [] 
 []

File: Images/hcmut.png Graphic file (type png)
<use Images/hcmut.png>
Package pdftex.def Info: Images/hcmut.png  used on input line 224.
(pdftex.def)             Requested size: 34.13838pt x 34.13751pt.
[31]
File: Images/hcmut.png Graphic file (type png)
<use Images/hcmut.png>
Package pdftex.def Info: Images/hcmut.png  used on input line 224.
(pdftex.def)             Requested size: 34.13838pt x 34.13751pt.
 [32]
File: Images/hcmut.png Graphic file (type png)
<use Images/hcmut.png>
Package pdftex.def Info: Images/hcmut.png  used on input line 224.
(pdftex.def)             Requested size: 34.13838pt x 34.13751pt.
 [33]
File: Images/hcmut.png Graphic file (type png)
<use Images/hcmut.png>
Package pdftex.def Info: Images/hcmut.png  used on input line 224.
(pdftex.def)             Requested size: 34.13838pt x 34.13751pt.
 [34]) (Sections/5. Requirements Elicitation/3-non functional requirements.tex
Underfull \hbox (badness 10000) in paragraph at lines 9--10
[]|\T5/cmr/bx/n/12 Ghi chÛ
 []


Underfull \hbox (badness 10000) in paragraph at lines 9--10
\T5/cmr/bx/n/12 (Åp dˆng
 []


Overfull \hbox (5.93947pt too wide) in alignment at lines 6--11
 [] [] [] [] [] 
 []


Underfull \hbox (badness 10000) in paragraph at lines 14--15
[]|\T5/cmr/bx/n/12 Ghi chÛ
 []


Underfull \hbox (badness 10000) in paragraph at lines 14--15
\T5/cmr/bx/n/12 (Åp dˆng
 []


Overfull \hbox (5.93947pt too wide) in alignment at lines 11--16
 [] [] [] [] [] 
 []


Overfull \hbox (5.93947pt too wide) in alignment at lines 16--20
 [] [] [] [] [] 
 []


Overfull \hbox (5.93947pt too wide) in alignment at lines 20--23
 [] [] [] [] [] 
 []


Underfull \hbox (badness 10000) in paragraph at lines 26--26
[]|\T5/cmr/m/n/12 NFR-
 []


Underfull \hbox (badness 10000) in paragraph at lines 27--27
[]|\T5/cmr/m/n/12 NFR-
 []


Underfull \hbox (badness 10000) in paragraph at lines 28--28
[]|\T5/cmr/m/n/12 NFR-
 []


Underfull \hbox (badness 10000) in paragraph at lines 29--29
[]|\T5/cmr/m/n/12 NFR-
 []


Underfull \hbox (badness 10000) in paragraph at lines 29--30
[]|\T5/cmr/m/n/12 FR2.1,
 []


Underfull \hbox (badness 10000) in paragraph at lines 30--30
[]|\T5/cmr/m/n/12 NFR-
 []


Underfull \hbox (badness 10000) in paragraph at lines 30--31
[]|\T5/cmr/m/n/12 FR3.1,
 []


Underfull \hbox (badness 10000) in paragraph at lines 31--31
[]|\T5/cmr/m/n/12 NFR-
 []


Underfull \hbox (badness 10000) in paragraph at lines 35--35
[]|\T5/cmr/m/n/12 NFR-
 []


Underfull \hbox (badness 10000) in paragraph at lines 35--35
\T5/cmr/m/n/12 AVAIL-
 []


Underfull \hbox (badness 1292) in paragraph at lines 35--35
\T5/cmr/m/n/12 time) ph£i ^^_§t $[]\OMS/cmsy/m/n/12 ^^U \OT1/cmr/m/n/12 99\OML/cmm/m/it/12 :\OT1/cmr/m/n/12 5%$[] \T5/cmr/m/n/12 mÈi
 []


Underfull \hbox (badness 10000) in paragraph at lines 36--36
[]|\T5/cmr/m/n/12 NFR-
 []


Underfull \hbox (badness 10000) in paragraph at lines 36--36
\T5/cmr/m/n/12 AVAIL-
 []


Underfull \hbox (badness 10000) in paragraph at lines 40--40
[]|\T5/cmr/m/n/12 NFR-
 []


Underfull \hbox (badness 10000) in paragraph at lines 41--41
[]|\T5/cmr/m/n/12 NFR-
 []


Underfull \hbox (badness 10000) in paragraph at lines 41--42
[]|\T5/cmr/m/n/12 FR6.1,
 []


Underfull \hbox (badness 10000) in paragraph at lines 42--42
[]|\T5/cmr/m/n/12 NFR-
 []


Underfull \hbox (badness 10000) in paragraph at lines 43--43
[]|\T5/cmr/m/n/12 NFR-
 []


Underfull \hbox (badness 10000) in paragraph at lines 47--47
[]|\T5/cmr/m/n/12 NFR-
 []


Underfull \hbox (badness 10000) in paragraph at lines 47--47
\T5/cmr/m/n/12 MAINT-
 []


Underfull \hbox (badness 10000) in paragraph at lines 51--51
[]|\T5/cmr/m/n/12 NFR-
 []


Underfull \hbox (badness 10000) in paragraph at lines 51--51
\T5/cmr/m/n/12 COMP-
 []


Underfull \hbox (badness 10000) in paragraph at lines 52--52
[]|\T5/cmr/m/n/12 NFR-
 []


Underfull \hbox (badness 10000) in paragraph at lines 52--52
\T5/cmr/m/n/12 COMP-
 []


Overfull \hbox (5.93947pt too wide) in alignment at lines 23--54
 [] [] [] [] [] 
 []

File: Images/hcmut.png Graphic file (type png)
<use Images/hcmut.png>
Package pdftex.def Info: Images/hcmut.png  used on input line 54.
(pdftex.def)             Requested size: 34.13838pt x 34.13751pt.
[35]
File: Images/hcmut.png Graphic file (type png)
<use Images/hcmut.png>
Package pdftex.def Info: Images/hcmut.png  used on input line 54.
(pdftex.def)             Requested size: 34.13838pt x 34.13751pt.
 [36]))
File: Images/hcmut.png Graphic file (type png)
<use Images/hcmut.png>
Package pdftex.def Info: Images/hcmut.png  used on input line 378.
(pdftex.def)             Requested size: 34.13838pt x 34.13751pt.
 [37] (Sections/6. System Analysis/system analysis.tex (Sections/6. System Analysis/1-analysis.tex
<Images/6. System analysis/Use case-T·ªïng quan h·ªá th·ªëng.png, id=668, 826.08624pt x 714.67pt>
File: Images/6. System analysis/Use case-T·ªïng quan h·ªá th·ªëng.png Graphic file (type png)
<use Images/6. System analysis/Use case-T·ªïng quan h·ªá th·ªëng.png>
Package pdftex.def Info: Images/6. System analysis/Use case-T·ªïng quan h·ªá th·ªëng.png  used on input line 7.
(pdftex.def)             Requested size: 409.71689pt x 354.46611pt.
<Images/6. System analysis/Use case-G·ª£i √Ω & qu·∫£n l√Ω l·ªô tr√¨nh.drawio.png, id=669, 568.1225pt x 842.14626pt>
File: Images/6. System analysis/Use case-G·ª£i √Ω & qu·∫£n l√Ω l·ªô tr√¨nh.drawio.png Graphic file (type png)
<use Images/6. System analysis/Use case-G·ª£i √Ω & qu·∫£n l√Ω l·ªô tr√¨nh.drawio.png>
Package pdftex.def Info: Images/6. System analysis/Use case-G·ª£i √Ω & qu·∫£n l√Ω l·ªô tr√¨nh.drawio.png  used on input line 16.
(pdftex.def)             Requested size: 409.71689pt x 607.36002pt.
File: Images/hcmut.png Graphic file (type png)
<use Images/hcmut.png>
Package pdftex.def Info: Images/hcmut.png  used on input line 20.
(pdftex.def)             Requested size: 34.13838pt x 34.13751pt.
 [38 <./Images/6. System analysis/Use case-T·ªïng quan h·ªá th·ªëng.png>]
Underfull \hbox (badness 10000) in paragraph at lines 34--34
[]|\T5/cmr/bx/n/12 LuÁng s¸ kiªn
 []

File: Images/hcmut.png Graphic file (type png)
<use Images/hcmut.png>
Package pdftex.def Info: Images/hcmut.png  used on input line 73.
(pdftex.def)             Requested size: 34.13838pt x 34.13751pt.
[39 <./Images/6. System analysis/Use case-G·ª£i √Ω & qu·∫£n l√Ω l·ªô tr√¨nh.drawio.png>]
Overfull \vbox (62.47652pt too high) has occurred while \output is active []

File: Images/hcmut.png Graphic file (type png)
<use Images/hcmut.png>
Package pdftex.def Info: Images/hcmut.png  used on input line 73.
(pdftex.def)             Requested size: 34.13838pt x 34.13751pt.
 [40]
Underfull \hbox (badness 10000) in paragraph at lines 85--85
[]|\T5/cmr/bx/n/12 LuÁng s¸ kiªn
 []


Underfull \hbox (badness 10000) in paragraph at lines 124--124
[]|\T5/cmr/bx/n/12 LuÁng s¸ kiªn
 []

File: Images/hcmut.png Graphic file (type png)
<use Images/hcmut.png>
Package pdftex.def Info: Images/hcmut.png  used on input line 152.
(pdftex.def)             Requested size: 34.13838pt x 34.13751pt.
[41]
Underfull \hbox (badness 10000) in paragraph at lines 168--168
[]|\T5/cmr/bx/n/12 LuÁng s¸ kiªn
 []

File: Images/hcmut.png Graphic file (type png)
<use Images/hcmut.png>
Package pdftex.def Info: Images/hcmut.png  used on input line 192.
(pdftex.def)             Requested size: 34.13838pt x 34.13751pt.
[42]
Underfull \hbox (badness 10000) in paragraph at lines 208--208
[]|\T5/cmr/bx/n/12 LuÁng s¸ kiªn
 []

File: Images/hcmut.png Graphic file (type png)
<use Images/hcmut.png>
Package pdftex.def Info: Images/hcmut.png  used on input line 234.
(pdftex.def)             Requested size: 34.13838pt x 34.13751pt.
[43]
Underfull \hbox (badness 10000) in paragraph at lines 250--250
[]|\T5/cmr/bx/n/12 LuÁng s¸ kiªn
 []

File: Images/hcmut.png Graphic file (type png)
<use Images/hcmut.png>
Package pdftex.def Info: Images/hcmut.png  used on input line 280.
(pdftex.def)             Requested size: 34.13838pt x 34.13751pt.
[44]
Underfull \hbox (badness 10000) in paragraph at lines 296--296
[]|\T5/cmr/bx/n/12 LuÁng s¸ kiªn
 []

File: Images/hcmut.png Graphic file (type png)
<use Images/hcmut.png>
Package pdftex.def Info: Images/hcmut.png  used on input line 334.
(pdftex.def)             Requested size: 34.13838pt x 34.13751pt.
[45]
Overfull \vbox (42.1771pt too high) has occurred while \output is active []

File: Images/hcmut.png Graphic file (type png)
<use Images/hcmut.png>
Package pdftex.def Info: Images/hcmut.png  used on input line 334.
(pdftex.def)             Requested size: 34.13838pt x 34.13751pt.
 [46]
<Images/6. System analysis/Use case-T√¨m ki·∫øm v√† kh√°m ph√°.drawio.png, id=718, 775.89874pt x 1079.03125pt>
File: Images/6. System analysis/Use case-T√¨m ki·∫øm v√† kh√°m ph√°.drawio.png Graphic file (type png)
<use Images/6. System analysis/Use case-T√¨m ki·∫øm v√† kh√°m ph√°.drawio.png>
Package pdftex.def Info: Images/6. System analysis/Use case-T√¨m ki·∫øm v√† kh√°m ph√°.drawio.png  used on input line 337.
(pdftex.def)             Requested size: 409.71689pt x 569.79283pt.
<Images/6. System analysis/Use case-X√¢y d·ª±ng c·ªông ƒë·ªìng.drawio.png, id=719, 913.4125pt x 1186.4325pt>
File: Images/6. System analysis/Use case-X√¢y d·ª±ng c·ªông ƒë·ªìng.drawio.png Graphic file (type png)
<use Images/6. System analysis/Use case-X√¢y d·ª±ng c·ªông ƒë·ªìng.drawio.png>
Package pdftex.def Info: Images/6. System analysis/Use case-X√¢y d·ª±ng c·ªông ƒë·ªìng.drawio.png  used on input line 344.
(pdftex.def)             Requested size: 409.71689pt x 532.16986pt.
File: Images/hcmut.png Graphic file (type png)
<use Images/hcmut.png>
Package pdftex.def Info: Images/hcmut.png  used on input line 348.
(pdftex.def)             Requested size: 34.13838pt x 34.13751pt.
 [47 <./Images/6. System analysis/Use case-T√¨m ki·∫øm v√† kh√°m ph√°.drawio.png>]
<Images/6. System analysis/Use case-Qu·∫£n l√Ω & ki·ªÉm duy·ªát n·ªôi dung.drawio.png, id=726, 794.97pt x 837.1275pt>
File: Images/6. System analysis/Use case-Qu·∫£n l√Ω & ki·ªÉm duy·ªát n·ªôi dung.drawio.png Graphic file (type png)
<use Images/6. System analysis/Use case-Qu·∫£n l√Ω & ki·ªÉm duy·ªát n·ªôi dung.drawio.png>
Package pdftex.def Info: Images/6. System analysis/Use case-Qu·∫£n l√Ω & ki·ªÉm duy·ªát n·ªôi dung.drawio.png  used on input line 351.
(pdftex.def)             Requested size: 409.71689pt x 431.4512pt.
File: Images/hcmut.png Graphic file (type png)
<use Images/hcmut.png>
Package pdftex.def Info: Images/hcmut.png  used on input line 355.
(pdftex.def)             Requested size: 34.13838pt x 34.13751pt.
 [48 <./Images/6. System analysis/Use case-X√¢y d·ª±ng c·ªông ƒë·ªìng.drawio.png>]
<Images/6. System analysis/Use case-Ph√¢n t√≠ch & G·ª£i √Ω cho nh√† cung c·∫•p.drawio.png, id=734, 656.4525pt x 559.08875pt>
File: Images/6. System analysis/Use case-Ph√¢n t√≠ch & G·ª£i √Ω cho nh√† cung c·∫•p.drawio.png Graphic file (type png)
<use Images/6. System analysis/Use case-Ph√¢n t√≠ch & G·ª£i √Ω cho nh√† cung c·∫•p.drawio.png>
Package pdftex.def Info: Images/6. System analysis/Use case-Ph√¢n t√≠ch & G·ª£i √Ω cho nh√† cung c·∫•p.drawio.png  used on input line 358.
(pdftex.def)             Requested size: 409.71689pt x 348.95186pt.
File: Images/hcmut.png Graphic file (type png)
<use Images/hcmut.png>
Package pdftex.def Info: Images/hcmut.png  used on input line 362.
(pdftex.def)             Requested size: 34.13838pt x 34.13751pt.
 [49 <./Images/6. System analysis/Use case-Qu·∫£n l√Ω & ki·ªÉm duy·ªát n·ªôi dung.drawio.png>]
<Images/6. System analysis/Use case-Qu·∫£n tr·ªã h·ªá th·ªëng & ng∆∞·ªùi d√πng.drawio.png, id=741, 1266.7325pt x 986.68625pt>
File: Images/6. System analysis/Use case-Qu·∫£n tr·ªã h·ªá th·ªëng & ng∆∞·ªùi d√πng.drawio.png Graphic file (type png)
<use Images/6. System analysis/Use case-Qu·∫£n tr·ªã h·ªá th·ªëng & ng∆∞·ªùi d√πng.drawio.png>
Package pdftex.def Info: Images/6. System analysis/Use case-Qu·∫£n tr·ªã h·ªá th·ªëng & ng∆∞·ªùi d√πng.drawio.png  used on input line 365.
(pdftex.def)             Requested size: 409.71689pt x 319.13356pt.
)
File: Images/hcmut.png Graphic file (type png)
<use Images/hcmut.png>
Package pdftex.def Info: Images/hcmut.png  used on input line 4.
(pdftex.def)             Requested size: 34.13838pt x 34.13751pt.
 [50 <./Images/6. System analysis/Use case-Ph√¢n t√≠ch & G·ª£i √Ω cho nh√† cung c·∫•p.drawio.png>])
File: Images/hcmut.png Graphic file (type png)
<use Images/hcmut.png>
Package pdftex.def Info: Images/hcmut.png  used on input line 381.
(pdftex.def)             Requested size: 34.13838pt x 34.13751pt.
 [51 <./Images/6. System analysis/Use case-Qu·∫£n tr·ªã h·ªá th·ªëng & ng∆∞·ªùi d√πng.drawio.png>] (Sections/7. System Design/system design.tex (Sections/7. System Design/System technology/Technology.tex (Sections/7. System Design/System technology/Frontend.tex
File: Images/hcmut.png Graphic file (type png)
<use Images/hcmut.png>
Package pdftex.def Info: Images/hcmut.png  used on input line 21.
(pdftex.def)             Requested size: 34.13838pt x 34.13751pt.
 [52]
Underfull \hbox (badness 10000) in paragraph at lines 45--45
[]|\T5/cmr/m/n/10 Trung bºnh: Chø
 []


Underfull \hbox (badness 2626) in paragraph at lines 45--45
\T5/cmr/m/n/10 client-side ren-der-ing,
 []


Underfull \hbox (badness 2302) in paragraph at lines 45--45
\T5/cmr/m/n/10 c¶n cßu hºnh th∂m
 []


Underfull \hbox (badness 3078) in paragraph at lines 45--45
[]|\T5/cmr/m/n/10 Cao: Vir-tual DOM,
 []


Underfull \hbox (badness 3333) in paragraph at lines 45--45
\T5/cmr/m/n/10 Nuxt.js hÈ trÒ SS-
 []


Underfull \hbox (badness 5802) in paragraph at lines 45--45
\T5/cmr/m/n/10 R/SSG, nh˜ng cßu
 []


Underfull \hbox (badness 2582) in paragraph at lines 45--45
\T5/cmr/m/n/10 hºnh ph˘c t§p hÏn
 []


Underfull \hbox (badness 2401) in paragraph at lines 45--45
[]|\T5/cmr/m/n/10 Trung bºnh: Bun-dle
 []


Underfull \hbox (badness 10000) in paragraph at lines 45--45
[]|\T5/cmr/m/n/10 Cao: Compile-time,
 []


Underfull \hbox (badness 10000) in paragraph at lines 45--45
\T5/cmr/m/n/10 hÈ trÒ SS-R/SSG
 []


Underfull \hbox (badness 1117) in paragraph at lines 45--45
\T5/cmr/m/n/10 cho tÚy chønh h†nh
 []


Underfull \hbox (badness 10000) in paragraph at lines 45--45
[]|\T5/cmr/m/n/10 Trung bºnh: C¶n
 []


Underfull \hbox (badness 1917) in paragraph at lines 45--45
\T5/cmr/m/n/10 th∂m Re-act Router,
 []


Underfull \hbox (badness 10000) in paragraph at lines 45--45
[]|\T5/cmr/m/n/10 Cao: Full-featured,
 []


Underfull \hbox (badness 2020) in paragraph at lines 45--45
\T5/cmr/m/n/10 nh˜ng hª sinh th°i
 []


Underfull \hbox (badness 1292) in paragraph at lines 45--45
\T5/cmr/m/n/10 nh‰, thi∏u th˜ viªn
 []


Underfull \hbox (badness 1221) in paragraph at lines 45--45
[]|\T5/cmr/m/n/10 Cao: API routes v†
 []


Underfull \hbox (badness 10000) in paragraph at lines 45--45
[]|\T5/cmr/m/n/10 Trung bºnh: C¶n
 []


Underfull \hbox (badness 1033) in paragraph at lines 45--45
\T5/cmr/m/n/10 t´ng thÌi gian ph°t
 []


Underfull \hbox (badness 10000) in paragraph at lines 45--45
[]|\T5/cmr/m/n/10 Trung bºnh:
 []


Underfull \hbox (badness 6252) in paragraph at lines 45--45
\T5/cmr/m/n/10 Vuex/Pinia hÈ trÒ,
 []


Underfull \hbox (badness 10000) in paragraph at lines 45--45
\T5/cmr/m/n/10 nh˜ng Nuxt.js c¶n
 []


Underfull \hbox (badness 2443) in paragraph at lines 45--45
\T5/cmr/m/n/10 cßu hºnh th∂m cho
 []


Underfull \hbox (badness 10000) in paragraph at lines 45--45
[]|\T5/cmr/m/n/10 Trung bºnh: Http-
 []


Underfull \hbox (badness 1596) in paragraph at lines 45--45
\T5/cmr/m/n/10 Client m§nh, nh˜ng
 []


Underfull \hbox (badness 2376) in paragraph at lines 45--45
\T5/cmr/m/n/10 tΩch hÒp API ph˘c
 []


Underfull \hbox (badness 1189) in paragraph at lines 45--45
\T5/cmr/m/n/10 hÈ trÒ fetch, nh˜ng
 []


Underfull \hbox (badness 3386) in paragraph at lines 45--45
\T5/cmr/m/n/10 cho nÎi dung cÎng
 []


Underfull \hbox (badness 5388) in paragraph at lines 45--45
\T5/cmr/m/n/10 ^^_Áng (b†i chia s¥,
 []


Underfull \hbox (badness 1748) in paragraph at lines 45--45
\T5/cmr/m/n/10 SEO tËt, c¶n th∂m
 []


Underfull \hbox (badness 2564) in paragraph at lines 45--45
[]|\T5/cmr/m/n/10 Cao: D¸a tr∂n Re-
 []


Underfull \hbox (badness 5388) in paragraph at lines 45--45
[]|\T5/cmr/m/n/10 Cao: Hª sinh th°i
 []


Underfull \hbox (badness 5388) in paragraph at lines 45--45
[]|\T5/cmr/m/n/10 Cao: Hª sinh th°i
 []


Underfull \hbox (badness 6893) in paragraph at lines 45--45
\T5/cmr/m/n/10 m§nh, nh˜ng ph˘c
 []


Underfull \hbox (badness 1668) in paragraph at lines 45--45
[]|\T5/cmr/m/n/10 Thßp: Hª sinh th°i
 []


Underfull \hbox (badness 10000) in paragraph at lines 45--45
[]|\T5/cmr/m/n/10 Trung bºnh: C¶n
 []


Underfull \hbox (badness 3386) in paragraph at lines 45--45
\T5/cmr/m/n/10 hºnh ph˘c t§p cho
 []


Underfull \hbox (badness 1681) in paragraph at lines 45--45
[]|\T5/cmr/m/n/10 Cao: Netlify hÈ trÒ
 []


Underfull \hbox (badness 10000) in paragraph at lines 45--45
[]|\T5/cmr/m/n/10 Cao: Svel-teKit dπ
 []

File: Images/hcmut.png Graphic file (type png)
<use Images/hcmut.png>
Package pdftex.def Info: Images/hcmut.png  used on input line 48.
(pdftex.def)             Requested size: 34.13838pt x 34.13751pt.
[53


]
File: Images/hcmut.png Graphic file (type png)
<use Images/hcmut.png>
Package pdftex.def Info: Images/hcmut.png  used on input line 65.
(pdftex.def)             Requested size: 34.13838pt x 34.13751pt.
 [54

]
Underfull \hbox (badness 2894) in paragraph at lines 85--85
[]|\T5/cmr/bx/n/10 C†i ^^_∞t qua NPM/-
 []


Underfull \hbox (badness 2894) in paragraph at lines 85--85
[]|\T5/cmr/bx/n/10 C†i ^^_∞t qua NPM/-
 []


Underfull \hbox (badness 2894) in paragraph at lines 85--85
[]|\T5/cmr/bx/n/10 C†i ^^_∞t qua NPM/-
 []


Underfull \hbox (badness 6859) in paragraph at lines 85--85
[]|\T5/cmr/bx/n/10 Rßt cao: \T5/cmr/m/n/10 To†n quy∑n
 []


Underfull \hbox (badness 10000) in paragraph at lines 85--85
[]|\T5/cmr/bx/n/10 Emotion / Styled-
 []


Underfull \hbox (badness 2080) in paragraph at lines 85--85
[]|\T5/cmr/bx/n/10 Less / CSS-in-JS: \T5/cmr/m/n/10 S˚
 []


Underfull \hbox (badness 10000) in paragraph at lines 85--85
[]|\T5/cmr/bx/n/10 Emotion / Styled-
 []


Underfull \hbox (badness 10000) in paragraph at lines 85--85
\T5/cmr/bx/n/10 System: \T5/cmr/m/n/10 CSS-in-JS vÓi
 []


Underfull \hbox (badness 3612) in paragraph at lines 85--85
[]|\T5/cmr/bx/n/10 TËi ˜u: \T5/cmr/m/n/10 Chø bao gÁm
 []

File: Images/hcmut.png Graphic file (type png)
<use Images/hcmut.png>
Package pdftex.def Info: Images/hcmut.png  used on input line 88.
(pdftex.def)             Requested size: 34.13838pt x 34.13751pt.
[55


]) (Sections/7. System Design/System technology/Backend.tex
File: Images/hcmut.png Graphic file (type png)
<use Images/hcmut.png>
Package pdftex.def Info: Images/hcmut.png  used on input line 20.
(pdftex.def)             Requested size: 34.13838pt x 34.13751pt.
 [56

]
Underfull \hbox (badness 10000) in paragraph at lines 42--42
\T5/cmr/m/n/10 cßu hºnh, Spring
 []


Underfull \hbox (badness 1019) in paragraph at lines 42--42
\T5/cmr/m/n/10 MVC m§nh m≥, hÈ
 []


Underfull \hbox (badness 10000) in paragraph at lines 42--42
[]|\T5/cmr/m/n/10 Cao: Ex-press nhµ,
 []


Underfull \hbox (badness 1377) in paragraph at lines 42--42
\T5/cmr/m/n/10 API gÒi ˛ v† cÎng
 []


Underfull \hbox (badness 10000) in paragraph at lines 42--42
\T5/cmr/m/n/10 ^^_Áng. Nh˜ng c¶n
 []


Underfull \hbox (badness 2707) in paragraph at lines 42--42
\T5/cmr/m/n/10 th∂m th˜ viªn cho
 []


Underfull \hbox (badness 2828) in paragraph at lines 42--42
[]|\T5/cmr/m/n/10 Cao: Django REST
 []


Underfull \hbox (badness 10000) in paragraph at lines 42--42
[]|\T5/cmr/m/n/10 Cao: Convention-
 []


Underfull \hbox (badness 10000) in paragraph at lines 42--42
\T5/cmr/m/n/10 over-configuration,
 []


Underfull \hbox (badness 10000) in paragraph at lines 42--42
\T5/cmr/m/n/10 nh˜ng ch™m hÏn
 []


Underfull \hbox (badness 7869) in paragraph at lines 42--42
[]|\T5/cmr/m/n/10 Cao: Spring Batch
 []


Underfull \hbox (badness 1769) in paragraph at lines 42--42
\T5/cmr/m/n/10 hÈ trÒ ETL, chu©n
 []


Underfull \hbox (badness 5985) in paragraph at lines 42--42
\T5/cmr/m/n/10 ngo†i (re-view, thÌi
 []


Underfull \hbox (badness 2245) in paragraph at lines 42--42
\T5/cmr/m/n/10 hÏn Spring In-te-gra-
 []


Underfull \hbox (badness 4582) in paragraph at lines 42--42
[]|\T5/cmr/m/n/10 Trung bºnh: Ac-tive
 []


Underfull \hbox (badness 3078) in paragraph at lines 42--42
\T5/cmr/m/n/10 Record tËt cho d˙
 []


Underfull \hbox (badness 2644) in paragraph at lines 42--42
\T5/cmr/m/n/10 liªu, nh˜ng stream-
 []


Underfull \hbox (badness 10000) in paragraph at lines 42--42
[]|\T5/cmr/m/n/10 Trung bºnh: C¶n
 []


Underfull \hbox (badness 10000) in paragraph at lines 42--42
[]|\T5/cmr/m/n/10 Cao: Spring Se-cu-
 []


Underfull \hbox (badness 10000) in paragraph at lines 42--42
\T5/cmr/m/n/10 rity tΩch hÒp sÆn
 []


Underfull \hbox (badness 10000) in paragraph at lines 42--42
\T5/cmr/m/n/10 OAuth2/JWT, b£o
 []


Underfull \hbox (badness 4505) in paragraph at lines 42--42
\T5/cmr/m/n/10 cßu hºnh b£o m™t
 []


Underfull \hbox (badness 10000) in paragraph at lines 42--42
\T5/cmr/m/n/10 cßu hºnh OAuth2
 []


Underfull \hbox (badness 1803) in paragraph at lines 42--42
[]|\T5/cmr/m/n/10 Cao: De-vise hÈ trÒ
 []


Underfull \hbox (badness 1221) in paragraph at lines 42--42
\T5/cmr/m/n/10 API qu£n tr‡, ki∫m
 []


Underfull \hbox (badness 1210) in paragraph at lines 42--42
[]|\T5/cmr/m/n/10 Cao: Django Ad-min
 []


Underfull \hbox (badness 2005) in paragraph at lines 42--42
\T5/cmr/m/n/10 m§nh, hÈ trÒ ki∫m
 []


Underfull \hbox (badness 3713) in paragraph at lines 42--42
\T5/cmr/m/n/10 duyªt, nh˜ng au-dit
 []


Underfull \hbox (badness 2401) in paragraph at lines 42--42
\T5/cmr/m/n/10 trail c¶n th∂m th˜
 []


Underfull \hbox (badness 1184) in paragraph at lines 42--42
\T5/cmr/m/n/10 nh˜ng tΩch hÒp au-
 []


Underfull \hbox (badness 10000) in paragraph at lines 42--42
\T5/cmr/m/n/10 qu£n tr‡ t¯ ^^_¶u,
 []


Underfull \hbox (badness 7168) in paragraph at lines 42--42
\T5/cmr/m/n/10 viªn nh˜ Win-ston,
 []


Underfull \hbox (badness 1635) in paragraph at lines 42--42
[]|\T5/cmr/m/n/10 Trung bºnh: Django
 []


Underfull \hbox (badness 2556) in paragraph at lines 42--42
\T5/cmr/m/n/10 c¶n th∂m th˜ viªn
 []


Underfull \hbox (badness 10000) in paragraph at lines 42--42
\T5/cmr/m/n/10 nh˜ Sen-try, khÊng
 []


Underfull \hbox (badness 3525) in paragraph at lines 42--42
[]|\T5/cmr/m/n/10 Thßp: C¶n t¸ x•y
 []


Underfull \hbox (badness 1082) in paragraph at lines 42--42
\T5/cmr/m/n/10 d¸ng log, gi°m s°t,
 []


Underfull \hbox (badness 4673) in paragraph at lines 42--42
[]|\T5/cmr/m/n/10 Cao: Hª sinh th°i
 []


Underfull \hbox (badness 2368) in paragraph at lines 42--42
\T5/cmr/m/n/10 viªn (Spring Batch,
 []


Underfull \hbox (badness 10000) in paragraph at lines 42--42
\T5/cmr/m/n/10 Se-cu-rity), t†i liªu
 []


Underfull \hbox (badness 4673) in paragraph at lines 42--42
[]|\T5/cmr/m/n/10 Cao: Hª sinh th°i
 []


Underfull \hbox (badness 5217) in paragraph at lines 42--42
\T5/cmr/m/n/10 Node.js lÓn, nh˜ng
 []


Underfull \hbox (badness 1783) in paragraph at lines 42--42
\T5/cmr/m/n/10 th˜ viªn ph•n t°n,
 []


Underfull \hbox (badness 4673) in paragraph at lines 42--42
[]|\T5/cmr/m/n/10 Cao: Hª sinh th°i
 []


Underfull \hbox (badness 1043) in paragraph at lines 42--42
\T5/cmr/m/n/10 th°i Rails nh‰ hÏn,
 []


Underfull \hbox (badness 10000) in paragraph at lines 42--42
\T5/cmr/m/n/10 th°i Python tËt,
 []


Underfull \hbox (badness 10000) in paragraph at lines 42--42
\T5/cmr/m/n/10 nh˜ng Flask thi∏u
 []


Underfull \hbox (badness 1253) in paragraph at lines 42--42
\T5/cmr/m/n/10 mod-ule tΩch hÒp so
 []


LaTeX Warning: Float too large for page by 4.80978pt on input line 44.


LaTeX Warning: `!h' float specifier changed to `!ht'.

File: Images/hcmut.png Graphic file (type png)
<use Images/hcmut.png>
Package pdftex.def Info: Images/hcmut.png  used on input line 45.
(pdftex.def)             Requested size: 34.13838pt x 34.13751pt.
[57]) (Sections/7. System Design/System technology/Database.tex
File: Images/hcmut.png Graphic file (type png)
<use Images/hcmut.png>
Package pdftex.def Info: Images/hcmut.png  used on input line 20.
(pdftex.def)             Requested size: 34.13838pt x 34.13751pt.
 [58



]
Underfull \hbox (badness 4492) in paragraph at lines 42--42
\T5/cmr/m/n/10 c‚ cßu trÛc, nh˜ng
 []


Underfull \hbox (badness 10000) in paragraph at lines 42--42
\T5/cmr/m/n/10 m§nh cho d˙ liªu
 []


Underfull \hbox (badness 10000) in paragraph at lines 42--42
[]|\T5/cmr/bx/n/10 Cao\T5/cmr/m/n/10 : T˜Ïng t¸
 []


Underfull \hbox (badness 1107) in paragraph at lines 42--42
\T5/cmr/m/n/10 lÓn, nh˜ng ph˘c t§p
 []


Underfull \hbox (badness 5175) in paragraph at lines 42--42
\T5/cmr/m/n/10 tºm ki∏m ph˘c t§p
 []


Underfull \hbox (badness 10000) in paragraph at lines 42--42
[]|\T5/cmr/bx/n/10 Cao\T5/cmr/m/n/10 : T˜Ïng t¸
 []


Underfull \hbox (badness 4467) in paragraph at lines 42--42
\T5/cmr/m/n/10 MySQL, nh˜ng full-
 []


Underfull \hbox (badness 10000) in paragraph at lines 42--42
\T5/cmr/m/n/10 text search khÊng
 []


Underfull \hbox (badness 10000) in paragraph at lines 42--42
\T5/cmr/m/n/10 m§nh b¨ng Post-
 []


Underfull \hbox (badness 5475) in paragraph at lines 42--42
\T5/cmr/m/n/10 cao k≤m hÏn Post-
 []


Underfull \hbox (badness 1348) in paragraph at lines 42--42
[]|\T5/cmr/bx/n/10 Trung bºnh\T5/cmr/m/n/10 : KhÊng
 []


Underfull \hbox (badness 10000) in paragraph at lines 42--42
[]|\T5/cmr/bx/n/10 Cao\T5/cmr/m/n/10 : ACID, nh˜ng
 []


Underfull \hbox (badness 10000) in paragraph at lines 42--42
[]|\T5/cmr/bx/n/10 Cao\T5/cmr/m/n/10 : T˜Ïng t¸
 []


Underfull \hbox (badness 10000) in paragraph at lines 42--42
\T5/cmr/m/n/10 m§nh b¨ng Post-
 []


Underfull \hbox (badness 2012) in paragraph at lines 42--42
\T5/cmr/m/n/10 truy c™p tËt, nh˜ng
 []


Underfull \hbox (badness 1072) in paragraph at lines 42--42
[]|\T5/cmr/bx/n/10 Thßp\T5/cmr/m/n/10 : B£o m™t giÓi
 []


Underfull \hbox (badness 1472) in paragraph at lines 42--42
\T5/cmr/m/n/10 h§n, khÊng phÚ hÒp
 []


Underfull \hbox (badness 10000) in paragraph at lines 42--42
[]|\T5/cmr/bx/n/10 Cao\T5/cmr/m/n/10 : T˜Ïng t¸
 []


Underfull \hbox (badness 7944) in paragraph at lines 42--42
\T5/cmr/m/n/10 MySQL, nh˜ng cßu
 []


Underfull \hbox (badness 1189) in paragraph at lines 42--42
\T5/cmr/m/n/10 hºnh b£o m™t khÊng
 []


Underfull \hbox (badness 1215) in paragraph at lines 42--42
[]|\T5/cmr/bx/n/10 Cao\T5/cmr/m/n/10 : TΩch hÒp ETL
 []


Underfull \hbox (badness 10000) in paragraph at lines 42--42
\T5/cmr/m/n/10 (Spring Batch), m
 []


Underfull \hbox (badness 1337) in paragraph at lines 42--42
\T5/cmr/m/n/10 rÎng dπ cho d˙ liªu
 []


Underfull \hbox (badness 3407) in paragraph at lines 42--42
[]|\T5/cmr/bx/n/10 Cao\T5/cmr/m/n/10 : TΩch hÒp tËt,
 []


Underfull \hbox (badness 2285) in paragraph at lines 42--42
\T5/cmr/m/n/10 lÓn, nh˜ng tΩch hÒp
 []


Underfull \hbox (badness 4726) in paragraph at lines 42--42
\T5/cmr/m/n/10 ETL ph˘c t§p hÏn
 []


Underfull \hbox (badness 10000) in paragraph at lines 42--42
[]|\T5/cmr/bx/n/10 Cao\T5/cmr/m/n/10 : T˜Ïng t¸
 []


Underfull \hbox (badness 10000) in paragraph at lines 42--42
\T5/cmr/m/n/10 MySQL, nh˜ng m
 []


Underfull \hbox (badness 6995) in paragraph at lines 42--42
[]|\T5/cmr/bx/n/10 Cao\T5/cmr/m/n/10 : Hª sinh th°i
 []


Underfull \hbox (badness 2134) in paragraph at lines 42--42
[]|\T5/cmr/bx/n/10 Thßp\T5/cmr/m/n/10 : Hª sinh th°i
 []


Underfull \hbox (badness 10000) in paragraph at lines 42--42
[]|\T5/cmr/bx/n/10 Cao\T5/cmr/m/n/10 : T˜Ïng t¸
 []


Underfull \hbox (badness 2197) in paragraph at lines 42--42
\T5/cmr/m/n/10 MySQL, nh˜ng cÎng
 []


Underfull \hbox (badness 2189) in paragraph at lines 42--42
\T5/cmr/m/n/10 ^^_Áng nh‰ hÏn Post-
 []

File: Images/hcmut.png Graphic file (type png)
<use Images/hcmut.png>
Package pdftex.def Info: Images/hcmut.png  used on input line 45.
(pdftex.def)             Requested size: 34.13838pt x 34.13751pt.
[59


]
File: Images/hcmut.png Graphic file (type png)
<use Images/hcmut.png>
Package pdftex.def Info: Images/hcmut.png  used on input line 61.
(pdftex.def)             Requested size: 34.13838pt x 34.13751pt.
 [60

]
Underfull \hbox (badness 1418) in paragraph at lines 79--79
\T5/cmr/m/n/10 RAM rßt nhi∑u, khÊng phÚ hÒp cho
 []

File: Images/hcmut.png Graphic file (type png)
<use Images/hcmut.png>
Package pdftex.def Info: Images/hcmut.png  used on input line 82.
(pdftex.def)             Requested size: 34.13838pt x 34.13751pt.
[61


]) (Sections/7. System Design/System technology/Storage Service.tex
File: Images/hcmut.png Graphic file (type png)
<use Images/hcmut.png>
Package pdftex.def Info: Images/hcmut.png  used on input line 20.
(pdftex.def)             Requested size: 34.13838pt x 34.13751pt.
 [62

]
File: Images/hcmut.png Graphic file (type png)
<use Images/hcmut.png>
Package pdftex.def Info: Images/hcmut.png  used on input line 43.
(pdftex.def)             Requested size: 34.13838pt x 34.13751pt.
 [63


])) (Sections/7. System Design/System architecture/System architecture.tex (Sections/7. System Design/System architecture/Model architecture.tex
File: Images/hcmut.png Graphic file (type png)
<use Images/hcmut.png>
Package pdftex.def Info: Images/hcmut.png  used on input line 34.
(pdftex.def)             Requested size: 34.13838pt x 34.13751pt.
 [64

]
Underfull \hbox (badness 2717) in paragraph at lines 60--60
[]|\T5/cmr/bx/n/12 Ki∏n trÛc H˜Óng
 []


Underfull \hbox (badness 10000) in paragraph at lines 60--60
\T5/cmr/bx/n/12 s¸ kiªn (Event-
 []


Underfull \hbox (badness 10000) in paragraph at lines 60--60
[]|\T5/cmr/bx/n/12 Ki∏n trÛc ^^^Ïn
 []


Underfull \hbox (badness 7047) in paragraph at lines 60--60
\T5/cmr/m/n/12 (Fron-tend, Back-end)
 []


Underfull \hbox (badness 1158) in paragraph at lines 60--60
\T5/cmr/m/n/12 nhi∂n, cßu trÛc mÈi
 []


Underfull \hbox (badness 5036) in paragraph at lines 60--60
[]|\T5/cmr/bx/n/12 Rßt cao: \T5/cmr/m/n/12 ^^^·i h‰i
 []


Underfull \hbox (badness 5050) in paragraph at lines 60--60
\T5/cmr/m/n/12 thËng mes-sage bro-
 []


Underfull \hbox (badness 3128) in paragraph at lines 60--60
\T5/cmr/m/n/12 b≠t ^^_¶u, nh˜ng ^^_Î
 []


Underfull \hbox (badness 3039) in paragraph at lines 60--60
[]|\T5/cmr/bx/n/12 TËt: \T5/cmr/m/n/12 C°c lÓp ^^_˜Òc
 []


Underfull \hbox (badness 1642) in paragraph at lines 60--60
\T5/cmr/m/n/12 d‡ch vˆ re-view) m†
 []


Underfull \hbox (badness 2809) in paragraph at lines 60--60
\T5/cmr/m/n/12 gÔ lÈi (de-bug) mÎt
 []


Underfull \hbox (badness 5652) in paragraph at lines 60--60
\T5/cmr/m/n/12 (scale) Fron-tend v†
 []


Underfull \hbox (badness 5924) in paragraph at lines 60--60
[]|\T5/cmr/bx/n/12 TËt: \T5/cmr/m/n/12 C‚ th∫ ki∫m
 []


Underfull \hbox (badness 5563) in paragraph at lines 60--60
\T5/cmr/m/n/12 th˚ Back-end (API)
 []


Underfull \hbox (badness 10000) in paragraph at lines 60--60
\T5/cmr/m/n/12 Ki∫m th˚ logic 
 []


Underfull \hbox (badness 3128) in paragraph at lines 60--60
\T5/cmr/m/n/12 th˚ tΩch hÒp (in-te-
 []


Underfull \hbox (badness 1082) in paragraph at lines 60--60
\T5/cmr/m/n/12 gra-tion test-ing) gi˙a
 []


Underfull \hbox (badness 1077) in paragraph at lines 60--60
\T5/cmr/m/n/12 dπ, nh˜ng ki∫m th˚
 []


Underfull \hbox (badness 3128) in paragraph at lines 60--60
\T5/cmr/m/n/12 c°c th†nh ph¶n ^^_∫
 []

) (Sections/7. System Design/System architecture/Design architecture.tex
<Images/7. System Design/Ki·∫øn tr√∫c h·ªá th·ªëng.png, id=855, 1853.92625pt x 2272.49pt>
File: Images/7. System Design/Ki·∫øn tr√∫c h·ªá th·ªëng.png Graphic file (type png)
<use Images/7. System Design/Ki·∫øn tr√∫c h·ªá th·ªëng.png>
Package pdftex.def Info: Images/7. System Design/Ki·∫øn tr√∫c h·ªá th·ªëng.png  used on input line 5.
(pdftex.def)             Requested size: 409.71689pt x 502.20325pt.
File: Images/hcmut.png Graphic file (type png)
<use Images/hcmut.png>
Package pdftex.def Info: Images/hcmut.png  used on input line 9.
(pdftex.def)             Requested size: 34.13838pt x 34.13751pt.
 [65]
File: Images/hcmut.png Graphic file (type png)
<use Images/hcmut.png>
Package pdftex.def Info: Images/hcmut.png  used on input line 15.
(pdftex.def)             Requested size: 34.13838pt x 34.13751pt.
 [66 <./Images/7. System Design/Ki·∫øn tr√∫c h·ªá th·ªëng.png>])))
File: Images/hcmut.png Graphic file (type png)
<use Images/hcmut.png>
Package pdftex.def Info: Images/hcmut.png  used on input line 384.
(pdftex.def)             Requested size: 34.13838pt x 34.13751pt.
 [67] (Sections/8. System Implementation/system implementation.tex)
File: Images/hcmut.png Graphic file (type png)
<use Images/hcmut.png>
Package pdftex.def Info: Images/hcmut.png  used on input line 387.
(pdftex.def)             Requested size: 34.13838pt x 34.13751pt.
 [68] (Sections/9. System Evaluation/system evaluation.tex)
File: Images/hcmut.png Graphic file (type png)
<use Images/hcmut.png>
Package pdftex.def Info: Images/hcmut.png  used on input line 390.
(pdftex.def)             Requested size: 34.13838pt x 34.13751pt.
 [69] (Sections/10. Conclusion/conclusion.tex)
File: Images/hcmut.png Graphic file (type png)
<use Images/hcmut.png>
Package pdftex.def Info: Images/hcmut.png  used on input line 393.
(pdftex.def)             Requested size: 34.13838pt x 34.13751pt.
 [70]

LaTeX Warning: Empty bibliography on input line 398.

(Sections/Appendices/appendices.tex) 
AED: lastpage setting LastPage
File: Images/hcmut.png Graphic file (type png)
<use Images/hcmut.png>
Package pdftex.def Info: Images/hcmut.png  used on input line 404.
(pdftex.def)             Requested size: 34.13838pt x 34.13751pt.
[71] (main.aux)
 ***********
LaTeX2e <2023-11-01> patch level 1
L3 programming layer <2024-01-04>
 ***********


LaTeX Font Warning: Size substitutions with differences
(Font)              up to 0.6pt have occurred.

Package rerunfilecheck Info: File `main.out' has not changed.
(rerunfilecheck)             Checksum: 9A1E01DD2A875B053C479D13418C0795;13173.
Package logreq Info: Writing requests to 'main.run.xml'.
\openout1 = `main.run.xml'.

 ) 
Here is how much of TeX's memory you used:
 42946 strings out of 474486
 848036 string characters out of 5745170
 1987542 words of memory out of 5000000
 64129 multiletter control sequences out of 15000+600000
 590016 words of font info for 109 fonts, out of 8000000 for 9000
 1141 hyphenation exceptions out of 8191
 119i,25n,154p,1509b,5241s stack positions out of 10000i,1000n,20000p,200000b,200000s
 <C:\Users\PC\AppData\Local\MiKTeX\fonts/pk/ljfour/jknappen/ec/dpi600\tcrm1200.pk><C:/Users/PC/AppData/Local/Programs/MiKTeX/fonts/type1/public/amsfonts/cm/cmmi12.pfb><C:/Users/PC/AppData/Local/Programs/MiKTeX/fonts/type1/public/amsfonts/cm/cmr12.pfb><C:/Users/PC/AppData/Local/Programs/MiKTeX/fonts/type1/public/amsfonts/cm/cmsy10.pfb><C:/Users/PC/AppData/Local/Programs/MiKTeX/fonts/type1/vntex/vnr/vnbx10.pfb><C:/Users/PC/AppData/Local/Programs/MiKTeX/fonts/type1/vntex/vnr/vnbx12.pfb><C:/Users/PC/AppData/Local/Programs/MiKTeX/fonts/type1/vntex/vnr/vnr10.pfb><C:/Users/PC/AppData/Local/Programs/MiKTeX/fonts/type1/vntex/vnr/vnr12.pfb><C:/Users/PC/AppData/Local/Programs/MiKTeX/fonts/type1/vntex/vnr/vnr17.pfb><C:/Users/PC/AppData/Local/Programs/MiKTeX/fonts/type1/vntex/vnr/vnr8.pfb><C:/Users/PC/AppData/Local/Programs/MiKTeX/fonts/type1/vntex/vnr/vnti10.pfb><C:/Users/PC/AppData/Local/Programs/MiKTeX/fonts/type1/vntex/vnr/vnti12.pfb>
Output written on main.pdf (72 pages, 1341247 bytes).
PDF statistics:
 996 PDF objects out of 1000 (max. 8388607)
 233 named destinations out of 1000 (max. 500000)
 644 words of extra memory for PDF output out of 10000 (max. 10000000)

